{"direction": {"East (Mirpur-14 to 10)": 5.098128680479825, "North (Mirpur-11 to 10)": 5.327150021805496, "South (Kazipara to 10)": 5.418892039258451, "West (Mirpur-1 to 10)": 4.597673353685129}, "hour": {"0": 4.215390625, "1": 4.096187845303867, "2": 3.945524861878453, "3": 3.8049999999999997, "4": 3.656245110821382, "5": 3.36, "6": 4.2615625, "7": 4.837200520833333, "8": 4.928385416666667, "9": 5.106080729166666, "10": 5.3286328125, "11": 5.667431551499348, "12": 5.877369791666666, "13": 5.877122395833333, "14": 5.838945312500001, "15": 5.965807291666667, "16": 5.988828125, "17": 5.948033854166667, "18": 5.836015625000001, "19": 5.856809895833333, "20": 5.898997395833334, "21": 5.6926953125, "22": 5.458125, "23": 5.0782682291666665}, "global_mean": 5.110444880601897}