{"direction": {"East (Mirpur-14 to 10)": 5.089731428571429, "North (Mirpur-11 to 10)": 5.266538066430773, "South (Kazipara to 10)": 5.201021215390147, "West (Mirpur-1 to 10)": 4.7285313931554835}, "hour": {"0": 3.874792899408284, "1": 3.3110459940652817, "2": 3.138975468975469, "3": 3.0348447653429607, "4": 2.770201388888889, "5": 3.0703655172413793, "6": 4.5919645293315146, "7": 5.317208252740167, "8": 5.286504010695187, "9": 5.270171617161717, "10": 5.492064102564103, "11": 5.77027397260274, "12": 5.918997361477573, "13": 5.970908460471567, "14": 5.746241379310344, "15": 5.689064207650274, "16": 5.786616438356163, "17": 6.317626514611546, "18": 6.17928520371694, "19": 6.205609756097561, "20": 5.989472924187726, "21": 5.795014836795253, "22": 5.530094821298323, "23": 4.936203703703704}, "global_mean": 5.05397473781795}