{"direction": {"East (Mirpur-14 to 10)": 5.062628, "North (Mirpur-11 to 10)": 5.23301772722615, "South (Kazipara to 10)": 5.2797286368946, "West (Mirpur-1 to 10)": 4.678320007187135}, "hour": {"0": 3.97159604519774, "1": 3.6455774456521737, "2": 3.4836088154269973, "3": 3.3329726027397264, "4": 3.150299931833674, "5": 3.112608695652174, "6": 4.415578655578655, "7": 5.092948369565217, "8": 5.103071186440678, "9": 5.191582931865106, "10": 5.425915875169607, "11": 5.694349621472814, "12": 5.871162296243798, "13": 5.915420827389443, "14": 5.789264190609671, "15": 5.809330484330484, "16": 5.870868955851436, "17": 6.188732193732194, "18": 6.073539445628997, "19": 6.095491974877879, "20": 6.0008333333333335, "21": 5.827141848976711, "22": 5.5467115520907155, "23": 5.027748436414177}, "global_mean": 5.056869260407312}