{"direction": {"East (Mirpur-14 to 10)": 5.104440796224091, "North (Mirpur-11 to 10)": 5.341540828887977, "South (Kazipara to 10)": 5.427498460907039, "West (Mirpur-1 to 10)": 4.608272466146902}, "hour": {"0": 4.2130882352941175, "1": 4.093458549222798, "2": 3.9448704663212437, "3": 3.808676470588235, "4": 3.663680981595092, "5": 3.364558823529412, "6": 4.268088235294118, "7": 4.844730392156863, "8": 4.930294117647058, "9": 5.104718137254902, "10": 5.329473039215687, "11": 5.669779141104295, "12": 5.884632352941176, "13": 5.89485294117647, "14": 5.850269607843137, "15": 5.983823529411765, "16": 6.007132352941176, "17": 5.966862745098039, "18": 5.860735294117647, "19": 5.881911764705883, "20": 5.9073529411764705, "21": 5.718799019607843, "22": 5.489056372549019, "23": 5.089436274509803}, "global_mean": 5.120423207140659}