{"direction": {"East (Mirpur-14 to 10)": 5.107769812051928, "North (Mirpur-11 to 10)": 5.347807051530415, "South (Kazipara to 10)": 5.439064134857586, "West (Mirpur-1 to 10)": 4.611611778380473}, "hour": {"0": 4.228344907407408, "1": 4.093463414634146, "2": 3.9466341463414634, "3": 3.814166666666667, "4": 3.6725144843568946, "5": 3.3708333333333336, "6": 4.269583333333333, "7": 4.846828703703704, "8": 4.930949074074074, "9": 5.104710648148148, "10": 5.330497685185185, "11": 5.669455388180764, "12": 5.888634259259259, "13": 5.900879629629629, "14": 5.862222222222222, "15": 6.005648148148148, "16": 6.010717592592592, "17": 5.977002314814815, "18": 5.861458333333333, "19": 5.877789351851852, "20": 5.915196759259259, "21": 5.736921296296296, "22": 5.496608796296296, "23": 5.112361111111111}, "global_mean": 5.126548968323163}