{"direction": {"East (Mirpur-14 to 10)": 5.087405737704918, "North (Mirpur-11 to 10)": 5.263102540742991, "South (Kazipara to 10)": 5.315265182186235, "West (Mirpur-1 to 10)": 4.6690225639987855}, "hour": {"0": 4.030595238095238, "1": 3.674436813186813, "2": 3.508957011980268, "3": 3.3448587570621466, "4": 3.132168079096045, "5": 3.1479390934844194, "6": 4.462315340909091, "7": 5.094856164383562, "8": 5.124444444444444, "9": 5.169836400817996, "10": 5.39087015635622, "11": 5.698318584070797, "12": 5.871144986449864, "13": 5.881469387755102, "14": 5.77649898028552, "15": 5.851082012405238, "16": 5.893886156008433, "17": 6.199782150386508, "18": 6.117463209530484, "19": 6.128791286015461, "20": 6.000401691331923, "21": 5.7992927864215, "22": 5.535351617440225, "23": 5.028460997891778}, "global_mean": 5.083120908406235}