{"direction": {"East (Mirpur-14 to 10)": 5.107074291145255, "North (Mirpur-11 to 10)": 5.357232694440044, "South (Kazipara to 10)": 5.432025978140345, "West (Mirpur-1 to 10)": 4.624884383908774}, "hour": {"0": 4.216789772727273, "1": 4.1025395256917, "2": 3.947223320158103, "3": 3.800568181818182, "4": 3.645781990521327, "5": 3.3536363636363635, "6": 4.250454545454545, "7": 4.825833333333334, "8": 4.925558712121212, "9": 5.1229545454545455, "10": 5.346505681818182, "11": 5.679601895734597, "12": 5.906742424242425, "13": 5.907611374407582, "14": 5.890179924242424, "15": 6.016969696969697, "16": 6.030227272727273, "17": 5.993683712121212, "18": 5.872736742424242, "19": 5.897556818181818, "20": 5.932452651515152, "21": 5.752954545454545, "22": 5.503465909090909, "23": 5.112528409090909}, "global_mean": 5.1302843226547346}