{"direction": {"East (Mirpur-14 to 10)": 4.886498668305675, "North (Mirpur-11 to 10)": 5.140719781332253, "South (Kazipara to 10)": 5.039511232544019, "West (Mirpur-1 to 10)": 4.658784781948801}, "hour": {"0": 3.8600280112044816, "1": 3.2449282296650717, "2": 3.1462262872628726, "3": 2.8412702702702703, "4": 2.553326558265583, "5": 3.208135359116022, "6": 4.574356787491116, "7": 5.144699221514508, "8": 5.178446327683616, "9": 5.159491525423729, "10": 5.394330326162387, "11": 5.710638888888889, "12": 5.878428961748634, "13": 5.896553867403315, "14": 5.658479327259986, "15": 5.491432584269663, "16": 5.589244226731981, "17": 6.187423822714681, "18": 6.097637248088951, "19": 6.114782913165266, "20": 5.9077138849929876, "21": 5.706050420168067, "22": 5.420424495476687, "23": 4.756381486676017}, "global_mean": 4.937847584289189}