{"direction": {"East (Mirpur-14 to 10)": 5.080809411764705, "North (Mirpur-11 to 10)": 5.276104705882353, "South (Kazipara to 10)": 5.326863160371809, "West (Mirpur-1 to 10)": 4.654706988058381}, "hour": {"0": 4.084590395480226, "1": 3.813008971704624, "2": 3.6371280991735535, "3": 3.5126478679504816, "4": 3.325557074504443, "5": 3.196113387978142, "6": 4.36672131147541, "7": 4.992185792349726, "8": 5.053510928961749, "9": 5.157049180327869, "10": 5.383879781420765, "11": 5.702987012987013, "12": 5.897868852459016, "13": 5.936659779614326, "14": 5.825331920903955, "15": 5.871468926553672, "16": 5.936694915254238, "17": 6.116405367231638, "18": 5.968756183745584, "19": 6.019879943502825, "20": 5.948763326226013, "21": 5.772152974504249, "22": 5.487761299435029, "23": 5.0437005649717515}, "global_mean": 5.077843557305388}