{"direction": {"East (Mirpur-14 to 10)": 5.081763532052881, "North (Mirpur-11 to 10)": 5.31573566084788, "South (Kazipara to 10)": 5.401516587677725, "West (Mirpur-1 to 10)": 4.579581047381546}, "hour": {"0": 4.231681547619048, "1": 4.104968152866242, "2": 3.94828025477707, "3": 3.7971428571428567, "4": 3.6399701937406856, "5": 3.350357142857143, "6": 4.246607142857142, "7": 4.816056547619048, "8": 4.911636904761904, "9": 5.118080357142857, "10": 5.320877976190476, "11": 5.6671385991058125, "12": 5.859181547619047, "13": 5.8696577380952375, "14": 5.819642857142857, "15": 5.966205357142857, "16": 5.97110119047619, "17": 5.912276785714286, "18": 5.792663690476191, "19": 5.82625, "20": 5.854985119047619, "21": 5.626577380952381, "22": 5.424836309523809, "23": 5.053794642857143}, "global_mean": 5.094630876667914}