{"direction": {"East (Mirpur-14 to 10)": 5.015125947163629, "North (Mirpur-11 to 10)": 5.132117039586919, "South (Kazipara to 10)": 5.076334548400162, "West (Mirpur-1 to 10)": 4.694751062537947}, "hour": {"0": 3.8441946778711484, "1": 3.242956878850103, "2": 3.1077807848443846, "3": 2.8963524590163936, "4": 2.528624229979466, "5": 3.0885545517720643, "6": 4.576481876332623, "7": 5.258244869072894, "8": 5.273728813559322, "9": 5.240911016949153, "10": 5.472091906721537, "11": 5.760896358543417, "12": 5.895693277310924, "13": 5.962261904761905, "14": 5.692927170868347, "15": 5.5315706447187925, "16": 5.6626898954703835, "17": 6.253690476190476, "18": 6.168049122807017, "19": 6.167303921568627, "20": 5.959479239971851, "21": 5.732736179146256, "22": 5.447858599592115, "23": 4.822585034013605}, "global_mean": 4.9743956776174745}