{"direction": {"East (Mirpur-14 to 10)": 5.10078, "North (Mirpur-11 to 10)": 5.319726171055698, "South (Kazipara to 10)": 5.3925045062138315, "West (Mirpur-1 to 10)": 4.622071909685988}, "hour": {"0": 4.151467473524962, "1": 3.9875058275058275, "2": 3.8488759689922483, "3": 3.7308554572271384, "4": 3.5415276752767526, "5": 3.291017699115044, "6": 4.281150442477876, "7": 4.909859882005899, "8": 4.956209439528023, "9": 5.116740412979351, "10": 5.344461651917404, "11": 5.634642066420664, "12": 5.823525073746312, "13": 5.828811808118081, "14": 5.804365781710914, "15": 5.9423230088495576, "16": 5.970029498525074, "17": 6.008429203539823, "18": 5.8534760147601475, "19": 5.9146019711902955, "20": 5.953226299694189, "21": 5.759120795107034, "22": 5.515955993930197, "23": 5.129734848484849}, "global_mean": 5.097919723914936}