{"direction": {"East (Mirpur-14 to 10)": 5.063238704518192, "North (Mirpur-11 to 10)": 5.137259221311475, "South (Kazipara to 10)": 5.072832494608196, "West (Mirpur-1 to 10)": 4.682774083393243}, "hour": {"0": 3.8261616161616163, "1": 3.170121168923735, "2": 3.007734159779614, "3": 2.8094248094248093, "4": 2.4882438016528923, "5": 3.0697862068965516, "6": 4.644180154820549, "7": 5.265660242683797, "8": 5.24980056980057, "9": 5.220605413105413, "10": 5.41143661971831, "11": 5.716597796143251, "12": 5.873118279569893, "13": 5.9484912043301765, "14": 5.67254132231405, "15": 5.521191460055097, "16": 5.646235375086029, "17": 6.237207084468665, "18": 6.177877325982082, "19": 6.188634179821551, "20": 5.938357894736842, "21": 5.719347517730497, "22": 5.460766550522648, "23": 4.778904109589041}, "global_mean": 4.964602949271373}