{"direction": {"East (Mirpur-14 to 10)": 5.081428, "North (Mirpur-11 to 10)": 5.2312925170068025, "South (Kazipara to 10)": 5.236372483668844, "West (Mirpur-1 to 10)": 4.724561111573342}, "hour": {"0": 3.9004071428571425, "1": 3.3864310706787966, "2": 3.21002084781098, "3": 3.0211667859699354, "4": 2.8446742209631726, "5": 3.031210144927536, "6": 4.537803138373752, "7": 5.213903818953324, "8": 5.204165497896214, "9": 5.21314590747331, "10": 5.43381560283688, "11": 5.711652777777778, "12": 5.864478319783197, "13": 5.937081371889711, "14": 5.736491935483871, "15": 5.673803763440861, "16": 5.785326460481099, "17": 6.231521284019539, "18": 6.1131323631323635, "19": 6.107017906336088, "20": 5.934314128943758, "21": 5.722574525745258, "22": 5.463273850377488, "23": 4.916317241379311}, "global_mean": 5.023386736970189}