{"direction": {"East (Mirpur-14 to 10)": 5.076523794002608, "North (Mirpur-11 to 10)": 5.236699266503668, "South (Kazipara to 10)": 5.353723394701392, "West (Mirpur-1 to 10)": 4.626260213702074}, "hour": {"0": 4.108296244784422, "1": 3.9036037863421233, "2": 3.7317945296864576, "3": 3.6140387182910545, "4": 3.4137181996086103, "5": 3.2494907407407405, "6": 4.311215395003376, "7": 4.9516036414565825, "8": 5.010260747004933, "9": 5.1326362297496315, "10": 5.34514367816092, "11": 5.656124818577649, "12": 5.8197810218978105, "13": 5.858192252510761, "14": 5.788728932584269, "15": 5.895744680851064, "16": 5.931956668923494, "17": 6.017891440501043, "18": 5.860554385964913, "19": 5.937526427061311, "20": 5.898364688856729, "21": 5.705195071868584, "22": 5.466047156726768, "23": 5.055701388888889}, "global_mean": 5.049158150710708}