{"direction": {"East (Mirpur-14 to 10)": 5.10078, "North (Mirpur-11 to 10)": 5.364594878989829, "South (Kazipara to 10)": 5.426761151395297, "West (Mirpur-1 to 10)": 4.6114734644544555}, "hour": {"0": 4.179011090573012, "1": 4.076704871060172, "2": 3.942276190476191, "3": 3.804426523297491, "4": 3.6177040358744392, "5": 3.3631362007168457, "6": 4.244731182795698, "7": 4.852732974910394, "8": 4.912652329749104, "9": 5.1009856630824375, "10": 5.31910394265233, "11": 5.626062780269058, "12": 5.811648745519713, "13": 5.810116591928251, "14": 5.827392473118279, "15": 5.986899641577061, "16": 5.984614695340502, "17": 5.948915770609319, "18": 5.795663082437276, "19": 5.860518999073216, "20": 5.912284644194756, "21": 5.757808988764045, "22": 5.491975881261596, "23": 5.150787037037038}, "global_mean": 5.101468282522249}