{"direction": {"East (Mirpur-14 to 10)": 5.0428371473006, "North (Mirpur-11 to 10)": 5.1872100515463915, "South (Kazipara to 10)": 5.205701959374438, "West (Mirpur-1 to 10)": 4.717566256401042}, "hour": {"0": 3.8835576234788833, "1": 3.3047078804347825, "2": 3.1389131920710867, "3": 3.0503732394366194, "4": 2.7347978793903245, "5": 3.0523525513585157, "6": 4.588865199449794, "7": 5.323614703880191, "8": 5.30340206185567, "9": 5.27460597826087, "10": 5.485722222222223, "11": 5.768127233738384, "12": 5.912081323225362, "13": 6.004879089615932, "14": 5.743829047949966, "15": 5.665299026425591, "16": 5.7874313863476425, "17": 6.319130122214235, "18": 6.193050847457627, "19": 6.20414395527603, "20": 6.006226282501757, "21": 5.762883654532477, "22": 5.506740213523132, "23": 4.898643006263049}, "global_mean": 5.022899067153369}