{"direction": {"East (Mirpur-14 to 10)": 5.105378968618095, "North (Mirpur-11 to 10)": 5.348836483758488, "South (Kazipara to 10)": 5.431385575334923, "West (Mirpur-1 to 10)": 4.619135779816514}, "hour": {"0": 4.228925438596492, "1": 4.105426267281106, "2": 3.9540092165898617, "3": 3.808157894736842, "4": 3.6556531284302967, "5": 3.362236842105263, "6": 4.256973684210527, "7": 4.8308333333333335, "8": 4.924561403508772, "9": 5.1202850877192985, "10": 5.340515350877193, "11": 5.6767837541163555, "12": 5.899857456140351, "13": 5.901975850713502, "14": 5.868267543859648, "15": 5.998256578947368, "16": 6.011951754385964, "17": 5.975559210526316, "18": 5.864627192982456, "19": 5.88047149122807, "20": 5.913958333333333, "21": 5.737160087719298, "22": 5.4988596491228074, "23": 5.1066008771929825}, "global_mean": 5.126160939578841}