{"direction": {"East (Mirpur-14 to 10)": 5.088668598233995, "North (Mirpur-11 to 10)": 5.294029788994622, "South (Kazipara to 10)": 5.294301127409383, "West (Mirpur-1 to 10)": 4.665080966511233}, "hour": {"0": 4.051241734019103, "1": 3.7928947368421055, "2": 3.615400425230333, "3": 3.5464534075104313, "4": 3.3745741113346748, "5": 3.147330163043478, "6": 4.310176271186441, "7": 4.9799374130737135, "8": 5.03778677462888, "9": 5.118133333333334, "10": 5.343221843003413, "11": 5.625213849287169, "12": 5.800441683919945, "13": 5.860268780151619, "14": 5.755646666666666, "15": 5.785744680851064, "16": 5.851781569965871, "17": 6.040511363636364, "18": 5.921360398860399, "19": 5.964750527055517, "20": 5.878567355666428, "21": 5.679711267605634, "22": 5.422124463519314, "23": 5.005428571428571}, "global_mean": 5.036244680543091}