{"direction": {"East (Mirpur-14 to 10)": 5.101080172827652, "North (Mirpur-11 to 10)": 5.346096, "South (Kazipara to 10)": 5.4202031999999996, "West (Mirpur-1 to 10)": 4.656328313253012}, "hour": {"0": 4.173213058419244, "1": 4.06707972270364, "2": 3.920147058823529, "3": 3.771175, "4": 3.598265895953757, "5": 3.3282343234323433, "6": 4.2273267326732675, "7": 4.82452875399361, "8": 4.914370489174018, "9": 5.074059405940594, "10": 5.286740924092409, "11": 5.605692182410423, "12": 5.803825396825396, "13": 5.827547956630525, "14": 5.79794673539519, "15": 5.936314432989691, "16": 5.924792703150913, "17": 5.926324143692565, "18": 5.783178694158075, "19": 5.82159793814433, "20": 5.854353338968723, "21": 5.6725577557755775, "22": 5.450392491467577, "23": 5.082448453608247}, "global_mean": 5.069596642167961}