{"direction": {"East (Mirpur-14 to 10)": 5.1040432000000004, "North (Mirpur-11 to 10)": 5.3510464, "South (Kazipara to 10)": 5.4270944, "West (Mirpur-1 to 10)": 4.64721812194845}, "hour": {"0": 4.182163120567376, "1": 4.080161145926589, "2": 3.922205357142857, "3": 3.776142611683849, "4": 3.6233014769765424, "5": 3.3377430555555554, "6": 4.231249999999999, "7": 4.809618055555556, "8": 4.907864583333333, "9": 5.087517361111111, "10": 5.305746527777778, "11": 5.632962641181582, "12": 5.838489583333333, "13": 5.856142484795829, "14": 5.835564236111111, "15": 5.959422413793104, "16": 5.96716768027802, "17": 5.926409574468085, "18": 5.797836879432624, "19": 5.839401934916446, "20": 5.872431972789116, "21": 5.688180272108844, "22": 5.462340425531915, "23": 5.088129432624114}, "global_mean": 5.087335341292594}