{"direction": {"East (Mirpur-14 to 10)": 5.089792878752618, "North (Mirpur-11 to 10)": 5.324122847836203, "South (Kazipara to 10)": 5.410937863625786, "West (Mirpur-1 to 10)": 4.592308050255934}, "hour": {"0": 4.2215, "1": 4.101301775147929, "2": 3.946449704142012, "3": 3.8009999999999997, "4": 3.648317107093185, "5": 3.3551666666666664, "6": 4.254666666666667, "7": 4.828986111111111, "8": 4.925986111111111, "9": 5.116555555555555, "10": 5.3255, "11": 5.6671766342141865, "12": 5.867694444444444, "13": 5.875055555555556, "14": 5.823097222222223, "15": 5.972916666666666, "16": 5.991458333333334, "17": 5.938666666666667, "18": 5.816097222222222, "19": 5.846694444444444, "20": 5.863458333333333, "21": 5.6618611111111115, "22": 5.456166666666666, "23": 5.0634999999999994}, "global_mean": 5.104273414776032}