{"direction": {"East (Mirpur-14 to 10)": 5.127896841263495, "North (Mirpur-11 to 10)": 5.245837688287734, "South (Kazipara to 10)": 5.288334980681103, "West (Mirpur-1 to 10)": 4.684221922731357}, "hour": {"0": 3.9470974729241872, "1": 3.5907963354474983, "2": 3.419593837535014, "3": 3.2912285714285714, "4": 3.115728429985856, "5": 3.1083916554508746, "6": 4.455349794238683, "7": 5.14676747311828, "8": 5.128324572930355, "9": 5.181234979973298, "10": 5.425661517797179, "11": 5.690013183915623, "12": 5.858438761776581, "13": 5.911968981793662, "14": 5.7885598377281955, "15": 5.813980582524272, "16": 5.884443676572219, "17": 6.225723449750535, "18": 6.121546316557257, "19": 6.1149275362318845, "20": 6.014996431120628, "21": 5.840319999999999, "22": 5.560387143900657, "23": 5.025721537345903}, "global_mean": 5.069911353167821}