{"direction": {"East (Mirpur-14 to 10)": 5.100073208994248, "North (Mirpur-11 to 10)": 5.34975248387659, "South (Kazipara to 10)": 5.417577130904654, "West (Mirpur-1 to 10)": 4.625282328337399}, "hour": {"0": 4.22046875, "1": 4.108558951965065, "2": 3.9520960698689955, "3": 3.7965, "4": 3.634973931178311, "5": 3.348125, "6": 4.2398750000000005, "7": 4.810791666666666, "8": 4.916041666666667, "9": 5.1284375, "10": 5.3476875, "11": 5.685641293013555, "12": 5.910302083333334, "13": 5.910583941605839, "14": 5.8765729166666665, "15": 6.0009375, "16": 6.011052083333333, "17": 5.976072916666666, "18": 5.862197916666667, "19": 5.874083333333333, "20": 5.909770833333334, "21": 5.7393125, "22": 5.491916666666667, "23": 5.103270833333334}, "global_mean": 5.12314959257484}