{"direction": {"East (Mirpur-14 to 10)": 5.112084306255377, "North (Mirpur-11 to 10)": 5.3198205065158595, "South (Kazipara to 10)": 5.375756607252612, "West (Mirpur-1 to 10)": 4.6605109993094604}, "hour": {"0": 4.095695035460993, "1": 3.886443812233286, "2": 3.697229166666667, "3": 3.5911554921540656, "4": 3.3958802816901406, "5": 3.2366737288135594, "6": 4.3188534107402035, "7": 4.949314205738278, "8": 5.015665742024965, "9": 5.137569252077562, "10": 5.357739071038251, "11": 5.67446764091858, "12": 5.858300068823125, "13": 5.8929673985362605, "14": 5.799304054054054, "15": 5.871325628823929, "16": 5.932287270251872, "17": 6.075484996510816, "18": 5.9244087491455915, "19": 5.983924731182795, "20": 5.936009715475365, "21": 5.735994378074491, "22": 5.460876436781609, "23": 5.051125781792911}, "global_mean": 5.090577830530064}