{"direction": {"East (Mirpur-14 to 10)": 5.0542109375, "North (Mirpur-11 to 10)": 5.283751627180422, "South (Kazipara to 10)": 5.364221354166667, "West (Mirpur-1 to 10)": 4.564962249414215}, "hour": {"0": 4.233798076923077, "1": 4.105304487179487, "2": 3.94828025477707, "3": 3.7971428571428567, "4": 3.6399701937406856, "5": 3.350357142857143, "6": 4.246607142857142, "7": 4.816056547619048, "8": 4.911636904761904, "9": 5.118080357142857, "10": 5.320877976190476, "11": 5.661701444622793, "12": 5.876826923076923, "13": 5.851009615384616, "14": 5.801858974358974, "15": 5.960400641025641, "16": 5.952708333333333, "17": 5.899967948717949, "18": 5.777419871794872, "19": 5.818028846153846, "20": 5.845657051282052, "21": 5.60676282051282, "22": 5.414326923076923, "23": 5.063750000000001}, "global_mean": 5.066767998958469}