{"direction": {"East (Mirpur-14 to 10)": 5.0887712, "North (Mirpur-11 to 10)": 5.290769476883699, "South (Kazipara to 10)": 5.319909339158929, "West (Mirpur-1 to 10)": 4.659816093737875}, "hour": {"0": 4.018968935888962, "1": 3.7558457374830856, "2": 3.5700543109300744, "3": 3.5603312191684284, "4": 3.423910652920962, "5": 3.1628678474114444, "6": 4.282710544939844, "7": 4.955259156876296, "8": 5.016810109289617, "9": 5.121530612244897, "10": 5.337095238095238, "11": 5.621175684702739, "12": 5.790908465244322, "13": 5.839813535911602, "14": 5.766758087201125, "15": 5.823583218707015, "16": 5.877147742818057, "17": 6.050083916083917, "18": 5.950066225165563, "19": 5.9561067051189625, "20": 5.879388516032812, "21": 5.698386861313868, "22": 5.442268551236749, "23": 5.009135888501742}, "global_mean": 5.026553570911617}