{"direction": {"East (Mirpur-14 to 10)": 5.09944537598349, "North (Mirpur-11 to 10)": 5.330150909325423, "South (Kazipara to 10)": 5.4006114551083595, "West (Mirpur-1 to 10)": 4.639718854784627}, "hour": {"0": 4.160563271604938, "1": 3.9990495207667736, "2": 3.8328115015974444, "3": 3.745609567901235, "4": 3.598030888030888, "5": 3.2817129629629633, "6": 4.269351851851852, "7": 4.890841049382716, "8": 4.970308641975309, "9": 5.131111111111111, "10": 5.370277777777778, "11": 5.686779922779923, "12": 5.894791666666666, "13": 5.915374517374517, "14": 5.8712885802469135, "15": 5.9531327160493825, "16": 5.991782407407408, "17": 6.045671296296296, "18": 5.897714285714286, "19": 5.938410493827161, "20": 5.949467592592593, "21": 5.746496913580247, "22": 5.489074074074074, "23": 5.108217592592593}, "global_mean": 5.117457113375468}