{"direction": {"East (Mirpur-14 to 10)": 5.0363734506197515, "North (Mirpur-11 to 10)": 5.16453939952864, "South (Kazipara to 10)": 5.067505391804457, "West (Mirpur-1 to 10)": 4.677154281606613}, "hour": {"0": 3.8376190476190475, "1": 3.1763863794301597, "2": 3.0244005544005543, "3": 2.818474930362117, "4": 2.501361111111111, "5": 3.0978257839721257, "6": 4.642204946996467, "7": 5.25726164874552, "8": 5.248203677510608, "9": 5.213827683615819, "10": 5.410775139664805, "11": 5.724392076502732, "12": 5.882406666666667, "13": 5.942916111850866, "14": 5.6762500000000005, "15": 5.534781420765027, "16": 5.656279863481229, "17": 6.24902027027027, "18": 6.17432414256893, "19": 6.186568421052632, "20": 5.923720930232558, "21": 5.697251851851852, "22": 5.4398165137614685, "23": 4.7761543762922125}, "global_mean": 4.9668267810064615}