{"direction": {"East (Mirpur-14 to 10)": 5.103296455644335, "North (Mirpur-11 to 10)": 5.243503087982181, "South (Kazipara to 10)": 5.237273739623405, "West (Mirpur-1 to 10)": 4.718222851938063}, "hour": {"0": 3.9643767908309453, "1": 3.45904071773637, "2": 3.3178248587570622, "3": 3.1296137640449437, "4": 2.8645152354570635, "5": 3.0883623693379794, "6": 4.517671136203246, "7": 5.207720994475138, "8": 5.225910344827586, "9": 5.2681747709654685, "10": 5.496869446343131, "11": 5.777487889273356, "12": 5.942866022099448, "13": 5.999929873772791, "14": 5.801628865979382, "15": 5.782519137091162, "16": 5.855003412969284, "17": 6.279831932773109, "18": 6.163097902097902, "19": 6.168280821917809, "20": 6.006222222222221, "21": 5.803266296809986, "22": 5.522566807313643, "23": 4.9741632373113855}, "global_mean": 5.071524755917374}