{"direction": {"East (Mirpur-14 to 10)": 5.03037245344332, "North (Mirpur-11 to 10)": 5.15349712428107, "South (Kazipara to 10)": 5.130927731932983, "West (Mirpur-1 to 10)": 4.666398631308811}, "hour": {"0": 3.8540857946554152, "1": 3.2384386089425123, "2": 3.083909153475568, "3": 2.82798, "4": 2.6117466666666664, "5": 3.0739059304703478, "6": 4.63062, "7": 5.276366711772666, "8": 5.265372928176796, "9": 5.227353563867325, "10": 5.440725574712643, "11": 5.734145114942529, "12": 5.869511494252873, "13": 5.9517171717171715, "14": 5.686915204678362, "15": 5.578484195402299, "16": 5.703378474697078, "17": 6.265785123966942, "18": 6.1601150202977, "19": 6.17974479516454, "20": 5.934869863013699, "21": 5.7291416608513615, "22": 5.433836565096953, "23": 4.838329868329868}, "global_mean": 4.971261950286807}