{"direction": {"East (Mirpur-14 to 10)": 5.088576, "North (Mirpur-11 to 10)": 5.2193195326911255, "South (Kazipara to 10)": 5.259551581595974, "West (Mirpur-1 to 10)": 4.693518102596353}, "hour": {"0": 3.9377754237288136, "1": 3.5342521797451374, "2": 3.386694214876033, "3": 3.224542302357836, "4": 3.0598347107438015, "5": 3.0921603260869563, "6": 4.486333789329685, "7": 5.184963062458025, "8": 5.15528187919463, "9": 5.213467741935484, "10": 5.453011556764106, "11": 5.707797325826882, "12": 5.88360975609756, "13": 5.923057733428367, "14": 5.779605168700646, "15": 5.774850427350428, "16": 5.842743607463719, "17": 6.229843304843305, "18": 6.1262113587347224, "19": 6.144946921443736, "20": 6.031638655462185, "21": 5.816601671309192, "22": 5.551878100637845, "23": 5.01321479374111}, "global_mean": 5.0532607121128725}