{"direction": {"East (Mirpur-14 to 10)": 5.130091151622944, "North (Mirpur-11 to 10)": 5.339745082815735, "South (Kazipara to 10)": 5.389814664867297, "West (Mirpur-1 to 10)": 4.634904183535762}, "hour": {"0": 4.120514285714286, "1": 3.9256876790830946, "2": 3.767087952697709, "3": 3.643135593220339, "4": 3.4445395683453235, "5": 3.269612573099415, "6": 4.311206140350878, "7": 4.938877980364657, "8": 4.977341160220995, "9": 5.134801136363636, "10": 5.3483195020746885, "11": 5.643757102272727, "12": 5.836446339729921, "13": 5.848386225523296, "14": 5.789920477137176, "15": 5.89187624750499, "16": 5.935851351351351, "17": 6.042371487320082, "18": 5.867733516483517, "19": 5.947809397749834, "20": 5.9079999999999995, "21": 5.720378989361703, "22": 5.497260083449235, "23": 5.065768136557611}, "global_mean": 5.101156547480845}