{"direction": {"East (Mirpur-14 to 10)": 5.1596153846153845, "North (Mirpur-11 to 10)": 5.314139397062613, "South (Kazipara to 10)": 5.307038268056054, "West (Mirpur-1 to 10)": 4.6989404152062555}, "hour": {"0": 3.994619602467443, "1": 3.6485439560439556, "2": 3.4297451790633606, "3": 3.343800578034682, "4": 3.1480579710144925, "5": 3.0765446224256294, "6": 4.3688988095238095, "7": 5.0765334302325575, "8": 5.118239038189533, "9": 5.204386724386724, "10": 5.426556338028169, "11": 5.714303977272727, "12": 5.871652236652237, "13": 5.927697138869505, "14": 5.793819832402234, "15": 5.846329201101929, "16": 5.908297150610584, "17": 6.192893333333333, "18": 6.088342391304349, "19": 6.112746615087041, "20": 5.9808246073298434, "21": 5.833819999999999, "22": 5.544541223404255, "23": 5.041282565130261}, "global_mean": 5.0934082679104264}