{"direction": {"East (Mirpur-14 to 10)": 5.103063900414938, "North (Mirpur-11 to 10)": 5.354569294605809, "South (Kazipara to 10)": 5.426013278008298, "West (Mirpur-1 to 10)": 4.626486890142715}, "hour": {"0": 4.219910714285715, "1": 4.104979253112033, "2": 3.948454356846473, "3": 3.7979761904761906, "4": 3.6400993048659385, "5": 3.350357142857143, "6": 4.244880952380952, "7": 4.817539682539683, "8": 4.923323412698413, "9": 5.124275793650794, "10": 5.345367063492064, "11": 5.679761668321747, "12": 5.9118055555555555, "13": 5.925362462760676, "14": 5.884196428571428, "15": 6.0077083333333325, "16": 6.022519841269841, "17": 5.988769841269842, "18": 5.8694146825396825, "19": 5.8861904761904755, "20": 5.921924603174603, "21": 5.737916666666666, "22": 5.503938492063492, "23": 5.107390873015873}, "global_mean": 5.127512551346418}