{"direction": {"East (Mirpur-14 to 10)": 5.050198666666667, "North (Mirpur-11 to 10)": 5.180508, "South (Kazipara to 10)": 5.170986798239766, "West (Mirpur-1 to 10)": 4.729331059156336}, "hour": {"0": 3.857659722222222, "1": 3.2796673455532925, "2": 3.1015671641791047, "3": 3.0289635854341737, "4": 2.705245098039216, "5": 2.9811806043569926, "6": 4.555144032921811, "7": 5.2656566347469225, "8": 5.264149152542373, "9": 5.226063535911602, "10": 5.456395833333334, "11": 5.740888888888889, "12": 5.862041666666666, "13": 5.946826388888889, "14": 5.720291666666666, "15": 5.6447569444444445, "16": 5.748832522585128, "17": 6.263557284299859, "18": 6.176325214899713, "19": 6.1434686609686615, "20": 5.949772727272728, "21": 5.722550522648084, "22": 5.444996510816469, "23": 4.879222222222222}, "global_mean": 4.993028564806767}