{"direction": {"East (Mirpur-14 to 10)": 5.070751643326665, "North (Mirpur-11 to 10)": 5.232406392694064, "South (Kazipara to 10)": 5.299976639712488, "West (Mirpur-1 to 10)": 4.665850480726031}, "hour": {"0": 4.01582650273224, "1": 3.7267134268537077, "2": 3.564702738810955, "3": 3.370619834710744, "4": 3.152396694214876, "5": 3.1748411602209945, "6": 4.42365156794425, "7": 5.0671866295264625, "8": 5.090186980609418, "9": 5.1861084745762716, "10": 5.394573333333333, "11": 5.68853021978022, "12": 5.85599173553719, "13": 5.874378453038674, "14": 5.7469943019943015, "15": 5.82346866096866, "16": 5.897519656897783, "17": 6.1520430107526884, "18": 6.06795, "19": 6.087678697806086, "20": 5.961781895937277, "21": 5.782211948790896, "22": 5.531835577604536, "23": 5.009551506657323}, "global_mean": 5.05514311373776}