{"direction": {"East (Mirpur-14 to 10)": 5.106900175131349, "North (Mirpur-11 to 10)": 5.323382352941176, "South (Kazipara to 10)": 5.41154816112084, "West (Mirpur-1 to 10)": 4.568280210157618}, "hour": {"0": 4.231852631578947, "1": 4.080555555555556, "2": 3.936788990825688, "3": 3.81675, "4": 3.6800417536534447, "5": 3.3745, "6": 4.28675, "7": 4.8604375, "8": 4.918020833333333, "9": 5.109291666666667, "10": 5.309229166666667, "11": 5.62910229645094, "12": 5.8380625, "13": 5.8675625, "14": 5.8144583333333335, "15": 5.963041666666667, "16": 5.9796458333333335, "17": 5.915854166666667, "18": 5.774125, "19": 5.8174375, "20": 5.8648125, "21": 5.635458333333333, "22": 5.4345, "23": 5.102854166666666}, "global_mean": 5.102547062428859}