{"direction": {"East (Mirpur-14 to 10)": 5.1248455752920465, "North (Mirpur-11 to 10)": 5.36996, "South (Kazipara to 10)": 5.452099820763822, "West (Mirpur-1 to 10)": 4.6658359715077165}, "hour": {"0": 4.145057755775578, "1": 4.002803660565724, "2": 3.8603737541528242, "3": 3.776632996632997, "4": 3.61733738074588, "5": 3.3227868852459017, "6": 4.248857142857143, "7": 4.873095611285266, "8": 4.942380952380952, "9": 5.076745901639344, "10": 5.309468253968254, "11": 5.6211302982731555, "12": 5.811269841269841, "13": 5.839830917874396, "14": 5.812179176755448, "15": 5.939921073401736, "16": 5.949876828329485, "17": 5.964425727411945, "18": 5.801941594317285, "19": 5.86504208110176, "20": 5.89375189107413, "21": 5.697419093851133, "22": 5.468984899328859, "23": 5.079924623115578}, "global_mean": 5.100259879437374}