{"direction": {"East (Mirpur-14 to 10)": 4.966111642743222, "North (Mirpur-11 to 10)": 5.133731931668857, "South (Kazipara to 10)": 5.051500179662235, "West (Mirpur-1 to 10)": 4.669295597484277}, "hour": {"0": 3.8339872068230276, "1": 3.189034907597536, "2": 3.0779761904761904, "3": 2.8069764397905757, "4": 2.4967140921409214, "5": 3.148527397260274, "6": 4.643049203049203, "7": 5.228476589797344, "8": 5.229260057471264, "9": 5.19596264367816, "10": 5.397007142857143, "11": 5.715977011494253, "12": 5.893221288515407, "13": 5.931736111111111, "14": 5.667888111888112, "15": 5.517090517241379, "16": 5.642124910265614, "17": 6.222563920454546, "18": 6.146060815480304, "19": 6.155029940119761, "20": 5.92427807486631, "21": 5.6923513328776485, "22": 5.443037615330021, "23": 4.769004207573633}, "global_mean": 4.942296620232269}