{"direction": {"East (Mirpur-14 to 10)": 5.0538621129907435, "North (Mirpur-11 to 10)": 5.249041411042945, "South (Kazipara to 10)": 5.259502966025526, "West (Mirpur-1 to 10)": 4.686045278950679}, "hour": {"0": 3.963851018973999, "1": 3.59195564516129, "2": 3.4178027210884356, "3": 3.302255232950709, "4": 3.1249261744966446, "5": 3.1116891891891894, "6": 4.45991825613079, "7": 5.148533419857236, "8": 5.137868632707774, "9": 5.198211103495545, "10": 5.438815520762423, "11": 5.68952916373858, "12": 5.8866619115549215, "13": 5.937240168539326, "14": 5.768921985815603, "15": 5.80755939524838, "16": 5.869513742071882, "17": 6.238376436781609, "18": 6.137597354886114, "19": 6.127844396859387, "20": 5.997969432314411, "21": 5.851574746008708, "22": 5.550312934631433, "23": 5.048769017980637}, "global_mean": 5.053149081638566}