{"direction": {"East (Mirpur-14 to 10)": 5.069149266992448, "North (Mirpur-11 to 10)": 5.13627352410415, "South (Kazipara to 10)": 5.078743483731799, "West (Mirpur-1 to 10)": 4.69000898311175}, "hour": {"0": 3.8031315974665727, "1": 3.133438848920863, "2": 2.9625558659217877, "3": 2.828542108987969, "4": 2.506946454413893, "5": 3.0369707769066285, "6": 4.551015406162465, "7": 5.255346462436178, "8": 5.25168458781362, "9": 5.224289962825279, "10": 5.430537931034483, "11": 5.722937931034483, "12": 5.873411181882519, "13": 5.940963934426229, "14": 5.672652916073969, "15": 5.495502793296089, "16": 5.639653018736988, "17": 6.243679624664879, "18": 6.1604889178618, "19": 6.164982888432581, "20": 5.931587926509186, "21": 5.685287356321839, "22": 5.3962104539202205, "23": 4.760954637779283}, "global_mean": 4.965055912857061}