{"direction": {"East (Mirpur-14 to 10)": 5.164405714285714, "North (Mirpur-11 to 10)": 5.157293069985158, "South (Kazipara to 10)": 5.078096693026599, "West (Mirpur-1 to 10)": 4.690898311174991}, "hour": {"0": 3.828484179543782, "1": 3.151053401609363, "2": 2.979418521177315, "3": 2.8723009495982468, "4": 2.5161928571428573, "5": 3.0418250170881747, "6": 4.5749289099526065, "7": 5.258165969316597, "8": 5.262350852272728, "9": 5.228353994490358, "10": 5.429742547425475, "11": 5.729118421052632, "12": 5.877692307692308, "13": 5.954683377308706, "14": 5.679499341238471, "15": 5.531318242343542, "16": 5.662088737201365, "17": 6.246222677595628, "18": 6.1798974709501024, "19": 6.186936691626958, "20": 5.94135, "21": 5.682929061784897, "22": 5.432235558889722, "23": 4.774992857142857}, "global_mean": 4.982076247863495}