{"direction": {"East (Mirpur-14 to 10)": 5.076611126041387, "North (Mirpur-11 to 10)": 5.3133046749059645, "South (Kazipara to 10)": 5.389091642031712, "West (Mirpur-1 to 10)": 4.580583019881784}, "hour": {"0": 4.233798076923077, "1": 4.113155172413793, "2": 3.9526896551724136, "3": 3.7948076923076925, "4": 3.6320706260032107, "5": 3.346923076923077, "6": 4.2390384615384615, "7": 4.804567307692308, "8": 4.9086698717948725, "9": 5.123573717948718, "10": 5.326891025641026, "11": 5.661701444622793, "12": 5.876826923076923, "13": 5.851009615384616, "14": 5.801858974358974, "15": 5.960400641025641, "16": 5.952708333333333, "17": 5.899967948717949, "18": 5.777419871794872, "19": 5.818028846153846, "20": 5.845657051282052, "21": 5.60676282051282, "22": 5.414326923076923, "23": 5.063750000000001}, "global_mean": 5.089878409243585}