{"direction": {"East (Mirpur-14 to 10)": 5.003784828689508, "North (Mirpur-11 to 10)": 5.122146952927057, "South (Kazipara to 10)": 5.080810991063092, "West (Mirpur-1 to 10)": 4.685007070959155}, "hour": {"0": 3.850822010869565, "1": 3.2251072124756335, "2": 3.0570860927152315, "3": 2.877358738501971, "4": 2.5238386467143785, "5": 3.050133779264214, "6": 4.591973314606742, "7": 5.280186592950933, "8": 5.307450284090909, "9": 5.235038220986796, "10": 5.434379764379765, "11": 5.7337114845938375, "12": 5.860084033613446, "13": 5.926351540616246, "14": 5.670577334283678, "15": 5.544254385964912, "16": 5.669553767373811, "17": 6.257964601769911, "18": 6.1916885007278015, "19": 6.161015406162465, "20": 5.90606338028169, "21": 5.7218213783403655, "22": 5.445433070866142, "23": 4.804545454545455}, "global_mean": 4.935212932383104}