{"direction": {"East (Mirpur-14 to 10)": 5.10840034965035, "North (Mirpur-11 to 10)": 5.303830409356726, "South (Kazipara to 10)": 5.38874686716792, "West (Mirpur-1 to 10)": 4.627573099415205}, "hour": {"0": 4.1538133140376265, "1": 3.9505913173652694, "2": 3.790194174757281, "3": 3.6786440677966104, "4": 3.48510593220339, "5": 3.2647104519774013, "6": 4.316927966101695, "7": 4.938361581920904, "8": 4.990035310734464, "9": 5.135162429378531, "10": 5.357316384180791, "11": 5.664581209031319, "12": 5.8679710144927535, "13": 5.878303118201596, "14": 5.839913043478261, "15": 5.946471014492753, "16": 5.995246376811594, "17": 6.07877536231884, "18": 5.907505438723713, "19": 5.981239130434783, "20": 5.982820699708455, "21": 5.783059593023256, "22": 5.532326086956521, "23": 5.132492753623189}, "global_mean": 5.10694811434062}