{"direction": {"East (Mirpur-14 to 10)": 5.093294682127149, "North (Mirpur-11 to 10)": 5.25998053079209, "South (Kazipara to 10)": 5.308921031353877, "West (Mirpur-1 to 10)": 4.6774002516175415}, "hour": {"0": 4.012274011299435, "1": 3.7267770876466533, "2": 3.553078512396694, "3": 3.3898760330578517, "4": 3.1902479338842973, "5": 3.1590200138026225, "6": 4.404601524601524, "7": 5.061683919944789, "8": 5.087210743801653, "9": 5.185833333333333, "10": 5.41654958677686, "11": 5.699063360881543, "12": 5.874993036211699, "13": 5.884091233071988, "14": 5.783433048433048, "15": 5.840498575498575, "16": 5.891002102312544, "17": 6.163158620689655, "18": 6.0723464458247065, "19": 6.0808418891170435, "20": 5.988654770075497, "21": 5.829874213836478, "22": 5.558291991495393, "23": 5.047111581920904}, "global_mean": 5.0758767635215385}