{"direction": {"East (Mirpur-14 to 10)": 5.027802241793435, "North (Mirpur-11 to 10)": 5.287704431480913, "South (Kazipara to 10)": 5.3168136506511, "West (Mirpur-1 to 10)": 4.629275518448694}, "hour": {"0": 4.08547783933518, "1": 3.8686867305061563, "2": 3.6951420651420652, "3": 3.551652777777778, "4": 3.3511674774148714, "5": 3.1904166666666667, "6": 4.312549965541006, "7": 4.946728599867286, "8": 5.015386740331492, "9": 5.142196812196812, "10": 5.36748457847841, "11": 5.655389972144847, "12": 5.829654457498273, "13": 5.849511691884457, "14": 5.774561891515995, "15": 5.847239475500345, "16": 5.935833333333333, "17": 6.062623521224774, "18": 5.949488597097443, "19": 5.994200848656294, "20": 5.946311535635562, "21": 5.762444124008652, "22": 5.483866197183099, "23": 5.068877192982456}, "global_mean": 5.065970818979244}