{"direction": {"East (Mirpur-14 to 10)": 5.0730320936160345, "North (Mirpur-11 to 10)": 5.2218546424017624, "South (Kazipara to 10)": 5.196038479369494, "West (Mirpur-1 to 10)": 4.723043679759009}, "hour": {"0": 3.9250972222222225, "1": 3.3606319444444446, "2": 3.209486111111111, "3": 3.108513888888889, "4": 2.7538194444444444, "5": 3.0642409470752088, "6": 4.538361344537815, "7": 5.2553899721448465, "8": 5.287166666666666, "9": 5.265986111111111, "10": 5.509479166666667, "11": 5.8059513888888885, "12": 5.945840277777778, "13": 6.0186101459346775, "14": 5.810277777777777, "15": 5.731541666666667, "16": 5.8243363446838075, "17": 6.302791666666667, "18": 6.200445062586926, "19": 6.19875, "20": 6.004591194968553, "21": 5.778683844011143, "22": 5.475781032078103, "23": 4.910534722222223}, "global_mean": 5.053460323898368}