{"direction": {"East (Mirpur-14 to 10)": 5.087866803278689, "North (Mirpur-11 to 10)": 5.264973175422614, "South (Kazipara to 10)": 5.3318098997874275, "West (Mirpur-1 to 10)": 4.659704573047349}, "hour": {"0": 4.039349480968858, "1": 3.6962389078498292, "2": 3.524855532064834, "3": 3.3933333333333335, "4": 3.2014901129943505, "5": 3.1582223796033992, "6": 4.452173295454545, "7": 5.094600971547536, "8": 5.1145441892832295, "9": 5.152438682550805, "10": 5.383047357584077, "11": 5.687817047817048, "12": 5.862083333333333, "13": 5.868475274725275, "14": 5.782408049965302, "15": 5.831406791406791, "16": 5.903388316151203, "17": 6.192522585128562, "18": 6.087318087318088, "19": 6.1040824742268045, "20": 5.994474982381959, "21": 5.811131687242797, "22": 5.536955617198336, "23": 5.048332179930796}, "global_mean": 5.085769364463241}