timestamp,model_type,model_version,n_samples,n_features,features_used,train_rows,test_rows,split_ratio,cv_mean_mae,cv_std_mae,cv_mean_rmse,cv_std_rmse,cv_mean_mape,cv_std_mape,cv_ci95_lower,cv_ci95_upper,cv_n_folds,model_mae,model_rmse,model_mape,model_r2,mae_ci_lower,mae_ci_upper,rmse_ci_lower,rmse_ci_upper,baseline_mae,baseline_rmse,baseline_mape,improvement_mae_pct,improvement_rmse_pct,error_mean,error_std,corridor_mae,notes,model_specific_params,n_estimators,max_depth,learning_rate,subsample,colsample_bytree,artifact_path,data_cutoff_time
2026-05-24T12:38:34.178862+00:00,xgboost,20260524T123834Z,6224,37,"minute,day_of_week_num,is_weekend,hour_sin,hour_cos,hour_of_day,is_peak_hour,is_monsoon,month,actual_eta_min_lag1,actual_eta_min_lag2,actual_eta_min_lag3,rain_lag_1,rain_lag_2,temperature,rain_mm,humidity,wind_speed,visibility_km,pm2_5,pm10,co_level,no2_level,aqi,rain_accumulation_3h,wmo_rain_category,visibility_penalty,emission_congestion_cross_lag1,weather_condition_encoded,mrt_status,mrt_headway,distance_km,is_anomaly_lag1,osrm_divergence_lag1,rain_x_peak_hour,is_holiday,is_extreme_weather",4979,1245,0.8,0.15272231205358108,0.012773707575594862,0.2805764018099221,0.03002574112697305,2.7124766599336434,0.22694899679665798,0.1461544130121615,0.15989358614541757,5,0.1363935048589745,0.2457734186238331,2.5844277511017952,0.9451319060466254,0.12547450385993744,0.14794437284067452,0.22009136000458013,0.2700777562203246,0.8561763472853434,1.0118106179244963,18.034317959685488,84.07,75.71,-0.010436402814934069,0.24555173548222042,"{""East (Mirpur-14 to 10)"": 0.13223459961330009, ""North (Mirpur-11 to 10)"": 0.17436317683032856, ""South (Kazipara to 10)"": 0.08830857954607907, ""West (Mirpur-1 to 10)"": 0.1506219129378979}",Metrics include OSRM baseline comparisons for Paper Table 3,"{""n_estimators"": 250, ""max_depth"": 4, ""learning_rate"": 0.021914492697529438, ""subsample"": 0.7953398038188806, ""colsample_bytree"": 0.9127513505077907, ""random_state"": 42, ""early_stopping_rounds"": 20, ""val_split_ratio"": 0.2, ""hpo_note"": ""Bayesian Optimization via Optuna (15 trials) minimizing Temporal Validation MAE""}",250,4,0.021914492697529438,0.7953398038188806,0.9127513505077907,latest/model_ml_weight.json,2026-05-24T12:38:34.178862+00:00
2026-05-25T18:33:03.990362+00:00,xgboost,20260525T183303Z,4740,37,"minute,day_of_week_num,is_weekend,hour_sin,hour_cos,hour_of_day,is_peak_hour,is_monsoon,month,actual_eta_min_lag1,actual_eta_min_lag2,actual_eta_min_lag3,rain_lag_1,rain_lag_2,temperature,rain_mm,humidity,wind_speed,visibility_km,pm2_5,pm10,co_level,no2_level,aqi,rain_accumulation_3h,wmo_rain_category,visibility_penalty,emission_congestion_cross_lag1,weather_condition_encoded,mrt_status,mrt_headway,distance_km,is_anomaly_lag1,osrm_divergence_lag1,rain_x_peak_hour,is_holiday,is_extreme_weather",3792,948,0.8,0.16159941944894912,0.03551912015347151,0.2634216367540245,0.044507085080484336,3.0396865974741694,0.777837323418203,3.044819750830392,0.8031979978655175,0.15518264395919026,0.16833487049410614,5,0.1737994263745562,0.2954713576195486,3.129645276017768,3.125294849024587,0.9022423204243925,0.1590938438556869,0.18960721683904594,0.2642862592755252,0.3290227963931179,0.8414482613280266,0.9769956402264286,14.774170908393666,15.124128465500283,79.35,69.76,0.007967457197889475,0.2953639158721644,"{""East (Mirpur-14 to 10)"": 0.1535276641367371, ""North (Mirpur-11 to 10)"": 0.17018463698573086, ""South (Kazipara to 10)"": 0.1442697261071975, ""West (Mirpur-1 to 10)"": 0.25196159766270565}",Metrics include OSRM baseline comparisons for Paper Table 3,"{""n_estimators"": 100, ""max_depth"": 5, ""learning_rate"": 0.05044611042062135, ""subsample"": 0.6077219275977437, ""colsample_bytree"": 0.662291024970464, ""random_state"": 42, ""early_stopping_rounds"": 20, ""val_split_ratio"": 0.2, ""hpo_note"": ""Bayesian Optimization via Optuna (15 trials) minimizing Temporal Validation MAE""}",100,5,0.05044611042062135,0.6077219275977437,0.662291024970464,latest/model_ml_weight.json,2026-05-25T18:33:03.990389+00:00
2026-05-25T20:19:01.420830+00:00,xgboost,20260525T201901Z,4813,37,"minute,day_of_week_num,is_weekend,hour_sin,hour_cos,hour_of_day,is_peak_hour,is_monsoon,month,actual_eta_min_lag1,actual_eta_min_lag2,actual_eta_min_lag3,rain_lag_1,rain_lag_2,temperature,rain_mm,humidity,wind_speed,visibility_km,pm2_5,pm10,co_level,no2_level,aqi,rain_accumulation_3h,wmo_rain_category,visibility_penalty,emission_congestion_cross_lag1,weather_condition_encoded,mrt_status,mrt_headway,distance_km,is_anomaly_lag1,osrm_divergence_lag1,rain_x_peak_hour,is_holiday,is_extreme_weather",3850,963,0.8,0.1496050191056401,0.05298660281734479,0.24722898719066996,0.07767166706158198,2.7122628466951006,0.7365269332384216,2.7189946159033545,0.7669741531229493,0.14342928255418885,0.15576991349443828,5,0.1682380498111681,0.29357855252187326,3.1257032513843686,3.0885938745173576,0.9148092819937799,0.15374447433351845,0.18411834775101726,0.2660099708677072,0.3231773379908389,0.8642490266699433,0.9933601102698544,16.195382459258216,16.14070008459724,80.53,70.45,-0.015278419254972442,0.2931807231144428,"{""East (Mirpur-14 to 10)"": 0.14622845974114843, ""North (Mirpur-11 to 10)"": 0.20317285166288673, ""South (Kazipara to 10)"": 0.11015651313422241, ""West (Mirpur-1 to 10)"": 0.23662397060094706}",Metrics include OSRM baseline comparisons for Paper Table 3,"{""n_estimators"": 250, ""max_depth"": 4, ""learning_rate"": 0.026937069931418926, ""subsample"": 0.9481090431246546, ""colsample_bytree"": 0.6964282746192932, ""random_state"": 42, ""early_stopping_rounds"": 20, ""val_split_ratio"": 0.2, ""hpo_note"": ""Bayesian Optimization via Optuna (15 trials) minimizing Temporal Validation MAE""}",250,4,0.026937069931418926,0.9481090431246546,0.6964282746192932,latest/model_ml_weight.json,2026-05-25T20:19:01.420851+00:00
2026-05-26T20:51:26.138785+00:00,xgboost,20260526T205126Z,1152,37,"minute,day_of_week_num,is_weekend,hour_sin,hour_cos,hour_of_day,is_peak_hour,is_monsoon,month,actual_eta_min_lag1,actual_eta_min_lag2,actual_eta_min_lag3,rain_lag_1,rain_lag_2,temperature,rain_mm,humidity,wind_speed,visibility_km,pm2_5,pm10,co_level,no2_level,aqi,rain_accumulation_3h,wmo_rain_category,visibility_penalty,emission_congestion_cross_lag1,weather_condition_encoded,mrt_status,mrt_headway,distance_km,is_anomaly_lag1,osrm_divergence_lag1,rain_x_peak_hour,is_holiday,is_extreme_weather",921,231,0.8,0.5927200131813686,0.21997869081182692,0.70643789489003,0.22786845324624166,10.58369614120814,3.565161230828618,11.367834739988206,4.07912127062352,0.5655473677506049,0.6203096077357729,5,0.20810069323618172,0.28615521534273336,4.611688832164619,4.612202282105978,0.8784143496841956,0.18418732629193882,0.23335369823298927,0.2439718737245964,0.3251429528160855,0.9392778507019048,1.09517506160322,22.731046754502056,19.707670454919846,77.84,73.87,0.09981682455384883,0.26818167126750525,"{""East (Mirpur-14 to 10)"": 0.23009984427484978, ""North (Mirpur-11 to 10)"": 0.2666552274268969, ""South (Kazipara to 10)"": 0.21410640223272911, ""West (Mirpur-1 to 10)"": 0.12255085994457371}",Metrics include OSRM baseline comparisons for Paper Table 3,"{""n_estimators"": 100, ""max_depth"": 4, ""learning_rate"": 0.04364761505152243, ""subsample"": 0.6944061827359114, ""colsample_bytree"": 0.8617067123806867, ""random_state"": 42, ""early_stopping_rounds"": 20, ""val_split_ratio"": 0.2, ""hpo_note"": ""Bayesian Optimization via Optuna (15 trials) minimizing Temporal Validation MAE""}",100,4,0.04364761505152243,0.6944061827359114,0.8617067123806867,latest/model_ml_weight.json,2026-05-26T20:51:26.138809+00:00
2026-05-27T20:58:45.612232+00:00,xgboost,20260527T205845Z,2308,37,"minute,day_of_week_num,is_weekend,hour_sin,hour_cos,hour_of_day,is_peak_hour,is_monsoon,month,actual_eta_min_lag1,actual_eta_min_lag2,actual_eta_min_lag3,rain_lag_1,rain_lag_2,temperature,rain_mm,humidity,wind_speed,visibility_km,pm2_5,pm10,co_level,no2_level,aqi,rain_accumulation_3h,wmo_rain_category,visibility_penalty,emission_congestion_cross_lag1,weather_condition_encoded,mrt_status,mrt_headway,distance_km,is_anomaly_lag1,osrm_divergence_lag1,rain_x_peak_hour,is_holiday,is_extreme_weather",1846,462,0.8,0.39819575669864815,0.308562194732227,0.502668163496906,0.33403997535979135,6.981365420068345,4.793802502598145,7.427840943883986,5.428482249071628,0.37750143712361656,0.4178356153144191,5,0.24519145127498745,0.36984934005019326,4.663554600566913,4.700925092347975,0.8664516887306803,0.22208842247440702,0.2718795026494311,0.3256425331344109,0.41841392540826916,0.82550037630967,0.9337319926598079,16.85571608108268,16.223519944383014,70.3,60.39,0.06835964438203095,0.3634769502396621,"{""East (Mirpur-14 to 10)"": 0.21369082541301337, ""North (Mirpur-11 to 10)"": 0.24598818190201474, ""South (Kazipara to 10)"": 0.23331845159116002, ""West (Mirpur-1 to 10)"": 0.28767286111568585}",Metrics include OSRM baseline comparisons for Paper Table 3,"{""n_estimators"": 200, ""max_depth"": 6, ""learning_rate"": 0.026170368476185334, ""subsample"": 0.6508032610121036, ""colsample_bytree"": 0.813126297313895, ""random_state"": 42, ""early_stopping_rounds"": 20, ""val_split_ratio"": 0.2, ""hpo_note"": ""Bayesian Optimization via Optuna (15 trials) minimizing Temporal Validation MAE""}",200,6,0.026170368476185334,0.6508032610121036,0.813126297313895,latest/model_ml_weight.json,2026-05-27T20:58:45.612254+00:00
2026-05-28T21:04:57.414216+00:00,xgboost,20260528T210457Z,3464,37,"minute,day_of_week_num,is_weekend,hour_sin,hour_cos,hour_of_day,is_peak_hour,is_monsoon,month,actual_eta_min_lag1,actual_eta_min_lag2,actual_eta_min_lag3,rain_lag_1,rain_lag_2,temperature,rain_mm,humidity,wind_speed,visibility_km,pm2_5,pm10,co_level,no2_level,aqi,rain_accumulation_3h,wmo_rain_category,visibility_penalty,emission_congestion_cross_lag1,weather_condition_encoded,mrt_status,mrt_headway,distance_km,is_anomaly_lag1,osrm_divergence_lag1,rain_x_peak_hour,is_holiday,is_extreme_weather",2771,693,0.8,0.3020262037736704,0.2874993356933655,0.4277866925830079,0.34519819155134857,5.480526950770132,4.866685898849551,5.8400793617204725,5.592322276816276,0.28519351134738224,0.31939339484416424,5,0.20341641302232616,0.2999051626346225,3.7992303731116026,3.788432250081555,0.9012321521342276,0.18758255923224387,0.21964015073693674,0.26525633434359064,0.3348494917781112,0.8508492942551947,0.9465117631451554,15.678005511692014,16.035689533989157,76.09,68.31,0.04662257945898804,0.2962590786110862,"{""East (Mirpur-14 to 10)"": 0.15486521820112464, ""North (Mirpur-11 to 10)"": 0.22471958094249575, ""South (Kazipara to 10)"": 0.2158261462305322, ""West (Mirpur-1 to 10)"": 0.21816942916519333}",Metrics include OSRM baseline comparisons for Paper Table 3,"{""n_estimators"": 250, ""max_depth"": 4, ""learning_rate"": 0.027368598132472464, ""subsample"": 0.7833651057998136, ""colsample_bytree"": 0.9354912753044808, ""random_state"": 42, ""early_stopping_rounds"": 20, ""val_split_ratio"": 0.2, ""hpo_note"": ""Bayesian Optimization via Optuna (15 trials) minimizing Temporal Validation MAE""}",250,4,0.027368598132472464,0.7833651057998136,0.9354912753044808,latest/model_ml_weight.json,2026-05-28T21:04:57.414256+00:00
2026-05-29T21:06:25.545937+00:00,xgboost,20260529T210625Z,4620,37,"minute,day_of_week_num,is_weekend,hour_sin,hour_cos,hour_of_day,is_peak_hour,is_monsoon,month,actual_eta_min_lag1,actual_eta_min_lag2,actual_eta_min_lag3,rain_lag_1,rain_lag_2,temperature,rain_mm,humidity,wind_speed,visibility_km,pm2_5,pm10,co_level,no2_level,aqi,rain_accumulation_3h,wmo_rain_category,visibility_penalty,emission_congestion_cross_lag1,weather_condition_encoded,mrt_status,mrt_headway,distance_km,is_anomaly_lag1,osrm_divergence_lag1,rain_x_peak_hour,is_holiday,is_extreme_weather",3696,924,0.8,0.18016559177745473,0.0484119520024943,0.29354941013499525,0.06138621976385532,3.5010631184132173,0.8726278571493611,3.520391467963114,0.9252093144626706,0.17283601663001175,0.1876630700368386,5,0.14521037221470953,0.25738807941231684,2.8150162453665186,2.768033593730125,0.9181088913000283,0.13227467089478587,0.15896025295845875,0.2281994674146906,0.28675153339006265,0.7557577397350124,0.8798792514156879,13.826911406786262,14.167854422984593,80.79,70.75,0.0014640364089569472,0.2573839156220807,"{""East (Mirpur-14 to 10)"": 0.12731263334100903, ""North (Mirpur-11 to 10)"": 0.17019799046702194, ""South (Kazipara to 10)"": 0.14476214413002972, ""West (Mirpur-1 to 10)"": 0.1385687209207774}",Metrics include OSRM baseline comparisons for Paper Table 3,"{""n_estimators"": 250, ""max_depth"": 4, ""learning_rate"": 0.03301365469034632, ""subsample"": 0.9515348722243396, ""colsample_bytree"": 0.7739592615971321, ""random_state"": 42, ""early_stopping_rounds"": 20, ""val_split_ratio"": 0.2, ""hpo_note"": ""Bayesian Optimization via Optuna (15 trials) minimizing Temporal Validation MAE""}",250,4,0.03301365469034632,0.9515348722243396,0.7739592615971321,latest/model_ml_weight.json,2026-05-29T21:06:25.545960+00:00
2026-05-30T13:36:09.290795+00:00,xgboost,20260530T133609Z,5412,37,"minute,day_of_week_num,is_weekend,hour_sin,hour_cos,hour_of_day,is_peak_hour,is_monsoon,month,actual_eta_min_lag1,actual_eta_min_lag2,actual_eta_min_lag3,rain_lag_1,rain_lag_2,temperature,rain_mm,humidity,wind_speed,visibility_km,pm2_5,pm10,co_level,no2_level,aqi,rain_accumulation_3h,wmo_rain_category,visibility_penalty,emission_congestion_cross_lag1,weather_condition_encoded,mrt_status,mrt_headway,distance_km,is_anomaly_lag1,osrm_divergence_lag1,rain_x_peak_hour,is_holiday,is_extreme_weather",4329,1083,0.8,0.16514771249817634,0.024720795096529063,0.27212187768063545,0.01722986114262788,3.4240752983162137,0.7172828652698766,3.3718406753028027,0.6701273495643391,0.15830860030011432,0.1717617781808794,5,0.17467176911133037,0.26463724337058203,4.081743582608932,3.9326023379250357,0.9200564912503106,0.16376299603229744,0.1873793355007471,0.24402300427235213,0.288304447457102,0.8044556532377661,0.9696893031399835,19.467673857373057,17.30830955621189,78.29,72.71,-0.09890459699974165,0.24546028450871507,"{""East (Mirpur-14 to 10)"": 0.15661708194382343, ""North (Mirpur-11 to 10)"": 0.15530124664306635, ""South (Kazipara to 10)"": 0.11534156020806763, ""West (Mirpur-1 to 10)"": 0.21298300554294777}",Metrics include OSRM baseline comparisons for Paper Table 3,"{""n_estimators"": 300, ""max_depth"": 4, ""learning_rate"": 0.0145499737721919, ""subsample"": 0.8303871329055637, ""colsample_bytree"": 0.9238787338605989, ""random_state"": 42, ""early_stopping_rounds"": 20, ""val_split_ratio"": 0.2, ""hpo_note"": ""Bayesian Optimization via Optuna (15 trials) minimizing Temporal Validation MAE""}",300,4,0.0145499737721919,0.8303871329055637,0.9238787338605989,latest/model_ml_weight.json,2026-05-30T13:36:09.290816+00:00
2026-05-30T19:01:39.970479+00:00,xgboost,20260530T190139Z,5672,37,"minute,day_of_week_num,is_weekend,hour_sin,hour_cos,hour_of_day,is_peak_hour,is_monsoon,month,actual_eta_min_lag1,actual_eta_min_lag2,actual_eta_min_lag3,rain_lag_1,rain_lag_2,temperature,rain_mm,humidity,wind_speed,visibility_km,pm2_5,pm10,co_level,no2_level,aqi,rain_accumulation_3h,wmo_rain_category,visibility_penalty,emission_congestion_cross_lag1,weather_condition_encoded,mrt_status,mrt_headway,distance_km,is_anomaly_lag1,osrm_divergence_lag1,rain_x_peak_hour,is_holiday,is_extreme_weather",4537,1135,0.8,0.1673598357811176,0.026323602205965836,0.2821011530147911,0.03506248729099003,3.411326776384441,0.5783805618950286,3.3493617296371196,0.5445081545257767,0.16072523639916111,0.1744412230986136,5,0.18544205449646264,0.31747804223355514,3.9574470641998767,3.8554826823570316,0.8941025157719075,0.1701952254572629,0.20168242370336592,0.2860952108705775,0.34847492329830165,0.7964648342299193,0.964912921934555,17.914321062511547,16.32605033419737,76.72,67.1,-0.0588242841208034,0.3119807861040901,"{""East (Mirpur-14 to 10)"": 0.14046207636175026, ""North (Mirpur-11 to 10)"": 0.17730065901793346, ""South (Kazipara to 10)"": 0.1484731013338331, ""West (Mirpur-1 to 10)"": 0.27550371438684595}",Metrics include OSRM baseline comparisons for Paper Table 3,"{""n_estimators"": 250, ""max_depth"": 4, ""learning_rate"": 0.01701588089342865, ""subsample"": 0.9284246923375437, ""colsample_bytree"": 0.8098008943361816, ""random_state"": 42, ""early_stopping_rounds"": 20, ""val_split_ratio"": 0.2, ""hpo_note"": ""Bayesian Optimization via Optuna (15 trials) minimizing Temporal Validation MAE""}",250,4,0.01701588089342865,0.9284246923375437,0.8098008943361816,latest/model_ml_weight.json,2026-05-30T19:01:39.970499+00:00
2026-05-31T19:02:02.470277+00:00,xgboost,20260531T190202Z,6824,37,"minute,day_of_week_num,is_weekend,hour_sin,hour_cos,hour_of_day,is_peak_hour,is_monsoon,month,actual_eta_min_lag1,actual_eta_min_lag2,actual_eta_min_lag3,rain_lag_1,rain_lag_2,temperature,rain_mm,humidity,wind_speed,visibility_km,pm2_5,pm10,co_level,no2_level,aqi,rain_accumulation_3h,wmo_rain_category,visibility_penalty,emission_congestion_cross_lag1,weather_condition_encoded,mrt_status,mrt_headway,distance_km,is_anomaly_lag1,osrm_divergence_lag1,rain_x_peak_hour,is_holiday,is_extreme_weather",5459,1365,0.8,0.1824336024395918,0.03721623437892339,0.2847195729446112,0.03327488321150935,3.812534035580529,1.1346552598174309,3.7548481246377285,1.0409730569736786,0.17661687482013552,0.18818096052742675,5,0.21847863942799553,0.32576912566987204,5.349163872064639,5.1094066964673335,0.8621535711595956,0.2055408349007477,0.23137849445098482,0.30421825183060847,0.3468123462226148,0.7806883170423867,0.9607036261182111,19.322426812766448,17.134770996702382,72.01,66.09,-0.12678187711946257,0.30008645233295417,"{""East (Mirpur-14 to 10)"": 0.17978978151007555, ""North (Mirpur-11 to 10)"": 0.17035792984539946, ""South (Kazipara to 10)"": 0.16875064238258036, ""West (Mirpur-1 to 10)"": 0.2539777841234886}",Metrics include OSRM baseline comparisons for Paper Table 3,"{""n_estimators"": 250, ""max_depth"": 6, ""learning_rate"": 0.0225032218248035, ""subsample"": 0.605119549440972, ""colsample_bytree"": 0.7543419000964056, ""random_state"": 42, ""early_stopping_rounds"": 20, ""val_split_ratio"": 0.2, ""hpo_note"": ""Bayesian Optimization via Optuna (15 trials) minimizing Temporal Validation MAE""}",250,6,0.0225032218248035,0.605119549440972,0.7543419000964056,latest/model_ml_weight.json,2026-05-31T19:02:02.470298+00:00
2026-06-01T19:01:45.381666+00:00,xgboost,20260601T190145Z,7975,37,"minute,day_of_week_num,is_weekend,hour_sin,hour_cos,hour_of_day,is_peak_hour,is_monsoon,month,actual_eta_min_lag1,actual_eta_min_lag2,actual_eta_min_lag3,rain_lag_1,rain_lag_2,temperature,rain_mm,humidity,wind_speed,visibility_km,pm2_5,pm10,co_level,no2_level,aqi,rain_accumulation_3h,wmo_rain_category,visibility_penalty,emission_congestion_cross_lag1,weather_condition_encoded,mrt_status,mrt_headway,distance_km,is_anomaly_lag1,osrm_divergence_lag1,rain_x_peak_hour,is_holiday,is_extreme_weather",6380,1595,0.8,0.17990300642663684,0.02964274449058475,0.2894904965524629,0.027766013316066967,3.679361560531844,0.5876433144770882,3.627820413736002,0.6073501608609739,0.17453559724834292,0.1856340443915761,5,0.1448124268929413,0.26991626301970933,2.864867377929932,2.8072812437860124,0.9221062607344688,0.1334495791843319,0.15550475385525386,0.24550576620256173,0.2953488255953496,0.7568396969369406,0.9015354826428044,15.70469343044354,15.039169084397985,80.87,70.06,-0.019424510543249274,0.26921641375049943,"{""East (Mirpur-14 to 10)"": 0.13632959066323905, ""North (Mirpur-11 to 10)"": 0.15863856511606014, ""South (Kazipara to 10)"": 0.12678938421091637, ""West (Mirpur-1 to 10)"": 0.15747090734037233}",Metrics include OSRM baseline comparisons for Paper Table 3,"{""n_estimators"": 100, ""max_depth"": 4, ""learning_rate"": 0.05047994088566196, ""subsample"": 0.993756276814834, ""colsample_bytree"": 0.8691681826572463, ""random_state"": 42, ""early_stopping_rounds"": 20, ""val_split_ratio"": 0.2, ""hpo_note"": ""Bayesian Optimization via Optuna (15 trials) minimizing Temporal Validation MAE""}",100,4,0.05047994088566196,0.993756276814834,0.8691681826572463,latest/model_ml_weight.json,2026-06-01T19:01:45.381691+00:00
2026-06-02T19:02:00.190002+00:00,xgboost,20260602T190200Z,9127,37,"minute,day_of_week_num,is_weekend,hour_sin,hour_cos,hour_of_day,is_peak_hour,is_monsoon,month,actual_eta_min_lag1,actual_eta_min_lag2,actual_eta_min_lag3,rain_lag_1,rain_lag_2,temperature,rain_mm,humidity,wind_speed,visibility_km,pm2_5,pm10,co_level,no2_level,aqi,rain_accumulation_3h,wmo_rain_category,visibility_penalty,emission_congestion_cross_lag1,weather_condition_encoded,mrt_status,mrt_headway,distance_km,is_anomaly_lag1,osrm_divergence_lag1,rain_x_peak_hour,is_holiday,is_extreme_weather",7301,1826,0.8,0.1827113608574099,0.041876538982970314,0.29501646605997794,0.03961452213398556,3.752808412703795,1.0961791169197457,3.680760814087703,1.0382547859251192,0.17737308848093872,0.18755115370217473,5,0.14855470310035693,0.2762646128947279,2.9016015865872475,2.844538021541566,0.9239413346844998,0.13782908583627473,0.1595663823089098,0.2538096327752365,0.29931578345801946,0.8122188501524376,0.94939252625184,15.957309712985998,15.744689145656142,81.71,70.9,0.005206919087245992,0.2762155396271048,"{""East (Mirpur-14 to 10)"": 0.1305581981608852, ""North (Mirpur-11 to 10)"": 0.14725366301703874, ""South (Kazipara to 10)"": 0.12451994964950963, ""West (Mirpur-1 to 10)"": 0.1918315622008342}",Metrics include OSRM baseline comparisons for Paper Table 3,"{""n_estimators"": 150, ""max_depth"": 5, ""learning_rate"": 0.024908306292787116, ""subsample"": 0.8826042320380192, ""colsample_bytree"": 0.9022267054002099, ""random_state"": 42, ""early_stopping_rounds"": 20, ""val_split_ratio"": 0.2, ""hpo_note"": ""Bayesian Optimization via Optuna (15 trials) minimizing Temporal Validation MAE""}",150,5,0.024908306292787116,0.8826042320380192,0.9022267054002099,latest/model_ml_weight.json,2026-06-02T19:02:00.190027+00:00
2026-06-03T19:02:07.568205+00:00,xgboost,20260603T190207Z,10279,37,"minute,day_of_week_num,is_weekend,hour_sin,hour_cos,hour_of_day,is_peak_hour,is_monsoon,month,actual_eta_min_lag1,actual_eta_min_lag2,actual_eta_min_lag3,rain_lag_1,rain_lag_2,temperature,rain_mm,humidity,wind_speed,visibility_km,pm2_5,pm10,co_level,no2_level,aqi,rain_accumulation_3h,wmo_rain_category,visibility_penalty,emission_congestion_cross_lag1,weather_condition_encoded,mrt_status,mrt_headway,distance_km,is_anomaly_lag1,osrm_divergence_lag1,rain_x_peak_hour,is_holiday,is_extreme_weather",8223,2056,0.8,0.17192227772781185,0.045719892418102925,0.2869326785092149,0.036329585478190186,3.498752478778985,1.0724042396858413,3.4392534286620267,1.0388124534024112,0.16708117074092368,0.17710828649709603,5,0.12039294084686251,0.24211092283886612,2.3068717610697296,2.2677253480803423,0.9347247000758379,0.11168145668599395,0.12905925110283992,0.22171462296320635,0.2625002295386193,0.7703190976808894,0.9130220019588972,14.987429985820672,14.871823945714405,84.37,73.48,0.01323952405369238,0.241748658653402,"{""East (Mirpur-14 to 10)"": 0.08915375015615026, ""North (Mirpur-11 to 10)"": 0.11113327208196143, ""South (Kazipara to 10)"": 0.12084256530271896, ""West (Mirpur-1 to 10)"": 0.16044217584661943}",Metrics include OSRM baseline comparisons for Paper Table 3,"{""n_estimators"": 300, ""max_depth"": 6, ""learning_rate"": 0.016200294098782066, ""subsample"": 0.6622787882748289, ""colsample_bytree"": 0.9763170215461218, ""random_state"": 42, ""early_stopping_rounds"": 20, ""val_split_ratio"": 0.2, ""hpo_note"": ""Bayesian Optimization via Optuna (15 trials) minimizing Temporal Validation MAE""}",300,6,0.016200294098782066,0.6622787882748289,0.9763170215461218,latest/model_ml_weight.json,2026-06-03T19:02:07.568225+00:00
2026-06-04T19:02:02.233661+00:00,xgboost,20260604T190202Z,11430,37,"minute,day_of_week_num,is_weekend,hour_sin,hour_cos,hour_of_day,is_peak_hour,is_monsoon,month,actual_eta_min_lag1,actual_eta_min_lag2,actual_eta_min_lag3,rain_lag_1,rain_lag_2,temperature,rain_mm,humidity,wind_speed,visibility_km,pm2_5,pm10,co_level,no2_level,aqi,rain_accumulation_3h,wmo_rain_category,visibility_penalty,emission_congestion_cross_lag1,weather_condition_encoded,mrt_status,mrt_headway,distance_km,is_anomaly_lag1,osrm_divergence_lag1,rain_x_peak_hour,is_holiday,is_extreme_weather",9144,2286,0.8,0.1510259351735353,0.026793371708616547,0.2661323129507435,0.030766598436023765,3.061257034988953,0.5785210309249695,3.006272566233696,0.5609506854633997,0.1466829327433879,0.15553458146851207,5,0.13627427924649296,0.2680489417371014,2.5964223217943774,2.55673672159105,0.9277229663410953,0.12716824055041334,0.14576853513071023,0.24707640071505527,0.2894239535723596,0.7961141271957907,0.9427930849180766,16.50164421935944,15.767934660337687,82.88,71.57,0.015220640654743309,0.2676164555187875,"{""East (Mirpur-14 to 10)"": 0.11294945108306993, ""North (Mirpur-11 to 10)"": 0.12394941939572736, ""South (Kazipara to 10)"": 0.1801530435331649, ""West (Mirpur-1 to 10)"": 0.12810036714260395}",Metrics include OSRM baseline comparisons for Paper Table 3,"{""n_estimators"": 150, ""max_depth"": 5, ""learning_rate"": 0.025014894422559452, ""subsample"": 0.8641524886919243, ""colsample_bytree"": 0.8387842275134869, ""random_state"": 42, ""early_stopping_rounds"": 20, ""val_split_ratio"": 0.2, ""hpo_note"": ""Bayesian Optimization via Optuna (15 trials) minimizing Temporal Validation MAE""}",150,5,0.025014894422559452,0.8641524886919243,0.8387842275134869,latest/model_ml_weight.json,2026-06-04T19:02:02.233682+00:00
2026-06-05T19:02:26.058557+00:00,xgboost,20260605T190226Z,12582,37,"minute,day_of_week_num,is_weekend,hour_sin,hour_cos,hour_of_day,is_peak_hour,is_monsoon,month,actual_eta_min_lag1,actual_eta_min_lag2,actual_eta_min_lag3,rain_lag_1,rain_lag_2,temperature,rain_mm,humidity,wind_speed,visibility_km,pm2_5,pm10,co_level,no2_level,aqi,rain_accumulation_3h,wmo_rain_category,visibility_penalty,emission_congestion_cross_lag1,weather_condition_encoded,mrt_status,mrt_headway,distance_km,is_anomaly_lag1,osrm_divergence_lag1,rain_x_peak_hour,is_holiday,is_extreme_weather",10065,2517,0.8,0.17033834613659976,0.05435261569999225,0.28269254497725094,0.04598099442667678,3.6328123265096766,1.2355528937125206,3.5259457371856806,1.1705931488527312,0.16591978133223884,0.17457977902947236,5,0.13203956653638924,0.25781941562655525,2.6709538286876158,2.6190242585536256,0.931196988232929,0.12362033761821671,0.14119736631834465,0.23713863378282224,0.2799938415237934,0.7599286649487107,0.8970552404698379,15.609937887541506,15.355743402673339,82.62,71.26,0.010236872963645791,0.2576161049040696,"{""East (Mirpur-14 to 10)"": 0.09404085688273116, ""North (Mirpur-11 to 10)"": 0.11677886809894748, ""South (Kazipara to 10)"": 0.14585791302998863, ""West (Mirpur-1 to 10)"": 0.14264626962370094}",Metrics include OSRM baseline comparisons for Paper Table 3,"{""n_estimators"": 300, ""max_depth"": 9, ""learning_rate"": 0.083557736081552, ""subsample"": 0.7049536886859695, ""colsample_bytree"": 0.8514012362118406, ""random_state"": 42, ""early_stopping_rounds"": 20, ""val_split_ratio"": 0.2, ""hpo_note"": ""Bayesian Optimization via Optuna (15 trials) minimizing Temporal Validation MAE""}",300,9,0.083557736081552,0.7049536886859695,0.8514012362118406,latest/model_ml_weight.json,2026-06-05T19:02:26.058579+00:00
2026-06-06T19:02:00.039274+00:00,xgboost,20260606T190200Z,13734,37,"minute,day_of_week_num,is_weekend,hour_sin,hour_cos,hour_of_day,is_peak_hour,is_monsoon,month,actual_eta_min_lag1,actual_eta_min_lag2,actual_eta_min_lag3,rain_lag_1,rain_lag_2,temperature,rain_mm,humidity,wind_speed,visibility_km,pm2_5,pm10,co_level,no2_level,aqi,rain_accumulation_3h,wmo_rain_category,visibility_penalty,emission_congestion_cross_lag1,weather_condition_encoded,mrt_status,mrt_headway,distance_km,is_anomaly_lag1,osrm_divergence_lag1,rain_x_peak_hour,is_holiday,is_extreme_weather",10987,2747,0.8,0.1452655814701212,0.02732893331841226,0.2655113483148223,0.023968271240041146,2.9492024910705696,0.775115688047598,2.8890173250332856,0.7270943370373406,0.14114295832239004,0.14949892575198148,5,0.13778125591090604,0.26480550982988893,2.608574525055737,2.584938786438659,0.9287249498653468,0.1297952375606402,0.14625800976685535,0.2459671839728227,0.28256091120043664,0.808831384203145,0.9474469718578262,16.648456394883183,15.996355314882019,82.97,72.05,0.010877331631982958,0.26458201316951846,"{""East (Mirpur-14 to 10)"": 0.11567829898351142, ""North (Mirpur-11 to 10)"": 0.13730228064011554, ""South (Kazipara to 10)"": 0.1333731443080319, ""West (Mirpur-1 to 10)"": 0.16477060251360895}",Metrics include OSRM baseline comparisons for Paper Table 3,"{""n_estimators"": 250, ""max_depth"": 5, ""learning_rate"": 0.026233350973470643, ""subsample"": 0.9095516210283118, ""colsample_bytree"": 0.8233957718670265, ""random_state"": 42, ""early_stopping_rounds"": 20, ""val_split_ratio"": 0.2, ""hpo_note"": ""Bayesian Optimization via Optuna (15 trials) minimizing Temporal Validation MAE""}",250,5,0.026233350973470643,0.9095516210283118,0.8233957718670265,latest/model_ml_weight.json,2026-06-06T19:02:00.039295+00:00
2026-06-07T17:33:01.517322+00:00,xgboost,20260607T173301Z,14814,39,"minute,day_of_week_num,is_weekend,hour_sin,hour_cos,direction_encoded,hour_encoded,hour_of_day,is_peak_hour,is_monsoon,month,actual_eta_min_lag1,actual_eta_min_lag2,actual_eta_min_lag3,rain_lag_1,rain_lag_2,temperature,rain_mm,humidity,wind_speed,visibility_km,pm2_5,pm10,co_level,no2_level,aqi,rain_accumulation_3h,wmo_rain_category,visibility_penalty,emission_congestion_cross_lag1,weather_condition_encoded,mrt_status,mrt_headway,distance_km,is_anomaly_lag1,osrm_divergence_lag1,rain_x_peak_hour,is_holiday,is_extreme_weather",11851,2963,0.8,0.15282663445300831,0.033525423799585494,0.26799055060992,0.0319194229432015,3.1010448112306115,0.7861994578376376,3.0362274221596315,0.756947524944768,0.14913847243191986,0.15683541442593757,5,0.12819229594928128,0.2389484776265165,2.49242298077496,2.4676071105975863,0.942961330865215,0.12085344171620607,0.13615534283484795,0.22214870841717377,0.2561802269861154,0.8188175997935206,0.9616981650569011,17.19634957661129,16.34786237212926,84.34,75.15,0.0005921577835984025,0.2389477438880501,"{""East (Mirpur-14 to 10)"": 0.10195765423227741, ""North (Mirpur-11 to 10)"": 0.13502416968990016, ""South (Kazipara to 10)"": 0.10358795198190872, ""West (Mirpur-1 to 10)"": 0.17220862769565765}",Metrics include OSRM baseline comparisons for Paper Table 3,"{""n_estimators"": 200, ""max_depth"": 5, ""learning_rate"": 0.02532361412471761, ""subsample"": 0.903345419572595, ""colsample_bytree"": 0.9984067957444853, ""random_state"": 42, ""early_stopping_rounds"": 20, ""val_split_ratio"": 0.2, ""hpo_note"": ""Bayesian Optimization via Optuna (15 trials) minimizing Temporal Validation MAE""}",200,5,0.02532361412471761,0.903345419572595,0.9984067957444853,latest/model_ml_weight.json,2026-06-07T17:33:01.517344+00:00
2026-06-07T17:56:37.862159+00:00,xgboost,20260607T175637Z,14834,39,"minute,day_of_week_num,is_weekend,hour_sin,hour_cos,direction_encoded,hour_encoded,hour_of_day,is_peak_hour,is_monsoon,month,actual_eta_min_lag1,actual_eta_min_lag2,actual_eta_min_lag3,rain_lag_1,rain_lag_2,temperature,rain_mm,humidity,wind_speed,visibility_km,pm2_5,pm10,co_level,no2_level,aqi,rain_accumulation_3h,wmo_rain_category,visibility_penalty,emission_congestion_cross_lag1,weather_condition_encoded,mrt_status,mrt_headway,distance_km,is_anomaly_lag1,osrm_divergence_lag1,rain_x_peak_hour,is_holiday,is_extreme_weather",11867,2967,0.8,0.1774224323825157,0.05340559616253355,0.29420483822091903,0.05228868267256339,3.6259689496440295,1.235870443854355,3.53850362966285,1.1794038011583645,0.17317489771543973,0.18176620364991594,5,0.1374688312137091,0.24772157016422017,2.6715008787358863,2.6419908064186726,0.9387753299925011,0.12988904095957646,0.14490273277069288,0.2321605003104756,0.2634997167425646,0.8185888324071211,0.9626445163855972,17.210891972464808,16.350515944043902,83.21,74.27,0.004301850586014622,0.24768421509285218,"{""East (Mirpur-14 to 10)"": 0.11406861357933108, ""North (Mirpur-11 to 10)"": 0.14272947961341356, ""South (Kazipara to 10)"": 0.1153921279624466, ""West (Mirpur-1 to 10)"": 0.1776921935222862}",Metrics include OSRM baseline comparisons for Paper Table 3,"{""n_estimators"": 200, ""max_depth"": 8, ""learning_rate"": 0.02116849875462, ""subsample"": 0.6868226732081102, ""colsample_bytree"": 0.9334421212435824, ""random_state"": 42, ""early_stopping_rounds"": 20, ""val_split_ratio"": 0.2, ""hpo_note"": ""Bayesian Optimization via Optuna (15 trials) minimizing Temporal Validation MAE""}",200,8,0.02116849875462,0.6868226732081102,0.9334421212435824,latest/model_ml_weight.json,2026-06-07T17:56:37.862181+00:00
2026-06-07T19:02:11.571717+00:00,xgboost,20260607T190211Z,14886,39,"minute,day_of_week_num,is_weekend,hour_sin,hour_cos,direction_encoded,hour_encoded,hour_of_day,is_peak_hour,is_monsoon,month,actual_eta_min_lag1,actual_eta_min_lag2,actual_eta_min_lag3,rain_lag_1,rain_lag_2,temperature,rain_mm,humidity,wind_speed,visibility_km,pm2_5,pm10,co_level,no2_level,aqi,rain_accumulation_3h,wmo_rain_category,visibility_penalty,emission_congestion_cross_lag1,weather_condition_encoded,mrt_status,mrt_headway,distance_km,is_anomaly_lag1,osrm_divergence_lag1,rain_x_peak_hour,is_holiday,is_extreme_weather",11908,2978,0.8,0.17014949139583885,0.050000719891546114,0.2865708152797695,0.04851318355843429,3.4901834232122155,1.15413961819808,3.4064304474811897,1.1059967623116023,0.1662381353060789,0.17423312923488288,5,0.13320588333803668,0.24489808511643768,2.6189776571532666,2.5850174887389143,0.9411861530518641,0.12566160111206343,0.14026241513232085,0.22926403607815474,0.25968947105192813,0.8285202221492456,0.9709907290932424,17.521725759179684,16.593264877426286,83.92,74.78,-0.0008964484549753818,0.2448964443879607,"{""East (Mirpur-14 to 10)"": 0.11181764954688565, ""North (Mirpur-11 to 10)"": 0.14094133621902877, ""South (Kazipara to 10)"": 0.1059368859055222, ""West (Mirpur-1 to 10)"": 0.17410144215782214}",Metrics include OSRM baseline comparisons for Paper Table 3,"{""n_estimators"": 300, ""max_depth"": 7, ""learning_rate"": 0.014695601348712194, ""subsample"": 0.6461087973464166, ""colsample_bytree"": 0.9433900596159099, ""random_state"": 42, ""early_stopping_rounds"": 20, ""val_split_ratio"": 0.2, ""hpo_note"": ""Bayesian Optimization via Optuna (15 trials) minimizing Temporal Validation MAE""}",300,7,0.014695601348712194,0.6461087973464166,0.9433900596159099,latest/model_ml_weight.json,2026-06-07T19:02:11.571742+00:00
2026-06-08T04:56:55.821322+00:00,xgboost,20260608T045655Z,15362,39,"minute,day_of_week_num,is_weekend,hour_sin,hour_cos,direction_encoded,hour_encoded,hour_of_day,is_peak_hour,is_monsoon,month,actual_eta_min_lag1,actual_eta_min_lag2,actual_eta_min_lag3,rain_lag_1,rain_lag_2,temperature,rain_mm,humidity,wind_speed,visibility_km,pm2_5,pm10,co_level,no2_level,aqi,rain_accumulation_3h,wmo_rain_category,visibility_penalty,emission_congestion_cross_lag1,weather_condition_encoded,mrt_status,mrt_headway,distance_km,is_anomaly_lag1,osrm_divergence_lag1,rain_x_peak_hour,is_holiday,is_extreme_weather",12289,3073,0.8,0.16060051228851077,0.05268767326764936,0.275786700252062,0.05262624596711353,3.2571336739262824,1.1440690414656804,3.187920764325958,1.1082356168317258,0.15658428058750926,0.1644428512259945,5,0.1097265346594133,0.21364180264661753,2.1960461659667896,2.1690015184814744,0.9536721680990727,0.10296680973493971,0.11612104466385847,0.19858632720093397,0.22881465542095897,0.8213217532083914,0.9791035272124569,18.526433227550047,16.950465013822015,86.64,78.18,-0.004146109024554358,0.21360156745223752,"{""East (Mirpur-14 to 10)"": 0.0946122632175684, ""North (Mirpur-11 to 10)"": 0.12063470552364985, ""South (Kazipara to 10)"": 0.07899485281358166, ""West (Mirpur-1 to 10)"": 0.14461888433587877}",Metrics include OSRM baseline comparisons for Paper Table 3,"{""n_estimators"": 250, ""max_depth"": 6, ""learning_rate"": 0.026771401081794172, ""subsample"": 0.7741269610231143, ""colsample_bytree"": 0.9375920406844779, ""random_state"": 42, ""early_stopping_rounds"": 20, ""val_split_ratio"": 0.2, ""hpo_note"": ""Bayesian Optimization via Optuna (15 trials) minimizing Temporal Validation MAE""}",250,6,0.026771401081794172,0.7741269610231143,0.9375920406844779,latest/model_ml_weight.json,2026-06-08T04:56:55.821345+00:00
2026-06-08T19:02:36.389495+00:00,xgboost,20260608T190236Z,16038,39,"minute,day_of_week_num,is_weekend,hour_sin,hour_cos,direction_encoded,hour_encoded,hour_of_day,is_peak_hour,is_monsoon,month,actual_eta_min_lag1,actual_eta_min_lag2,actual_eta_min_lag3,rain_lag_1,rain_lag_2,temperature,rain_mm,humidity,wind_speed,visibility_km,pm2_5,pm10,co_level,no2_level,aqi,rain_accumulation_3h,wmo_rain_category,visibility_penalty,emission_congestion_cross_lag1,weather_condition_encoded,mrt_status,mrt_headway,distance_km,is_anomaly_lag1,osrm_divergence_lag1,rain_x_peak_hour,is_holiday,is_extreme_weather",12830,3208,0.8,0.1779999238173702,0.06923501988986812,0.29100468958485204,0.06818470888957434,3.628046441826052,1.5036843449230897,3.5410798024045924,1.4493311361387118,0.17412743584809123,0.18226256005365307,5,0.11751203135064713,0.21428346526635153,2.293947360284403,2.2669998557110405,0.9520631624076346,0.1114032099559123,0.12384364786327925,0.20024258762952257,0.22868210461853858,0.8053913504461373,0.9446591881034482,16.775423189437454,16.032330566547568,85.41,77.32,0.008678310797398796,0.2141076607883507,"{""East (Mirpur-14 to 10)"": 0.10511177259193098, ""North (Mirpur-11 to 10)"": 0.13543230339773277, ""South (Kazipara to 10)"": 0.09251704617926011, ""West (Mirpur-1 to 10)"": 0.13698700323366464}",Metrics include OSRM baseline comparisons for Paper Table 3,"{""n_estimators"": 200, ""max_depth"": 8, ""learning_rate"": 0.02017021604683665, ""subsample"": 0.6017262123368978, ""colsample_bytree"": 0.8741136212923317, ""random_state"": 42, ""early_stopping_rounds"": 20, ""val_split_ratio"": 0.2, ""hpo_note"": ""Bayesian Optimization via Optuna (15 trials) minimizing Temporal Validation MAE""}",200,8,0.02017021604683665,0.6017262123368978,0.8741136212923317,latest/model_ml_weight.json,2026-06-08T19:02:36.389518+00:00
2026-06-09T19:02:52.300262+00:00,xgboost,20260609T190252Z,17190,39,"minute,day_of_week_num,is_weekend,hour_sin,hour_cos,direction_encoded,hour_encoded,hour_of_day,is_peak_hour,is_monsoon,month,actual_eta_min_lag1,actual_eta_min_lag2,actual_eta_min_lag3,rain_lag_1,rain_lag_2,temperature,rain_mm,humidity,wind_speed,visibility_km,pm2_5,pm10,co_level,no2_level,aqi,rain_accumulation_3h,wmo_rain_category,visibility_penalty,emission_congestion_cross_lag1,weather_condition_encoded,mrt_status,mrt_headway,distance_km,is_anomaly_lag1,osrm_divergence_lag1,rain_x_peak_hour,is_holiday,is_extreme_weather",13752,3438,0.8,0.1568699373248568,0.05773586431932838,0.269388995510626,0.061580931205096535,3.155277624240523,1.2330911532226279,3.095568355290167,1.1956552106537164,0.1531286432052033,0.16052219447849933,5,0.10861172415337775,0.20386378569821825,2.0988129834470812,2.084346074834987,0.9616241518082842,0.10291533649633484,0.11445982673578724,0.19059880163879828,0.21609213093297783,0.8486798580233516,0.9944381128684043,18.042954222069323,16.986151933219563,87.2,79.5,0.014864004910720367,0.20332118551007697,"{""East (Mirpur-14 to 10)"": 0.09579902719896892, ""North (Mirpur-11 to 10)"": 0.11947285618854207, ""South (Kazipara to 10)"": 0.09556018064407867, ""West (Mirpur-1 to 10)"": 0.12361228559183517}",Metrics include OSRM baseline comparisons for Paper Table 3,"{""n_estimators"": 250, ""max_depth"": 6, ""learning_rate"": 0.01586712166512096, ""subsample"": 0.7945772385779989, ""colsample_bytree"": 0.9375920406844779, ""random_state"": 42, ""early_stopping_rounds"": 20, ""val_split_ratio"": 0.2, ""hpo_note"": ""Bayesian Optimization via Optuna (15 trials) minimizing Temporal Validation MAE""}",250,6,0.01586712166512096,0.7945772385779989,0.9375920406844779,latest/model_ml_weight.json,2026-06-09T19:02:52.300283+00:00
2026-06-10T19:02:38.853553+00:00,xgboost,20260610T190238Z,18342,39,"minute,day_of_week_num,is_weekend,hour_sin,hour_cos,direction_encoded,hour_encoded,hour_of_day,is_peak_hour,is_monsoon,month,actual_eta_min_lag1,actual_eta_min_lag2,actual_eta_min_lag3,rain_lag_1,rain_lag_2,temperature,rain_mm,humidity,wind_speed,visibility_km,pm2_5,pm10,co_level,no2_level,aqi,rain_accumulation_3h,wmo_rain_category,visibility_penalty,emission_congestion_cross_lag1,weather_condition_encoded,mrt_status,mrt_headway,distance_km,is_anomaly_lag1,osrm_divergence_lag1,rain_x_peak_hour,is_holiday,is_extreme_weather",14673,3669,0.8,0.15730924522404893,0.06549568692816783,0.2711389978977053,0.06351134634816288,3.170345196658691,1.557124016728088,3.105640646942315,1.4854364837735197,0.15353000262263242,0.16112799184335616,5,0.11055128296638711,0.2212588905312832,2.04042458621868,2.0336874603230255,0.9542207106367191,0.10452469379539939,0.11701974974831367,0.2070059001964896,0.23553109569368658,0.8398224560384497,0.9854695312521912,17.213945260041168,16.53172443974911,86.84,77.55,0.02965178182190724,0.21926301209716237,"{""East (Mirpur-14 to 10)"": 0.09491873599710744, ""North (Mirpur-11 to 10)"": 0.12010186405452283, ""South (Kazipara to 10)"": 0.1131067307824787, ""West (Mirpur-1 to 10)"": 0.11407395950849279}",Metrics include OSRM baseline comparisons for Paper Table 3,"{""n_estimators"": 300, ""max_depth"": 7, ""learning_rate"": 0.01520369732927739, ""subsample"": 0.6535415213300954, ""colsample_bytree"": 0.979983331802778, ""random_state"": 42, ""early_stopping_rounds"": 20, ""val_split_ratio"": 0.2, ""hpo_note"": ""Bayesian Optimization via Optuna (15 trials) minimizing Temporal Validation MAE""}",300,7,0.01520369732927739,0.6535415213300954,0.979983331802778,latest/model_ml_weight.json,2026-06-10T19:02:38.853576+00:00
2026-06-11T19:02:36.679464+00:00,xgboost,20260611T190236Z,19494,39,"minute,day_of_week_num,is_weekend,hour_sin,hour_cos,direction_encoded,hour_encoded,hour_of_day,is_peak_hour,is_monsoon,month,actual_eta_min_lag1,actual_eta_min_lag2,actual_eta_min_lag3,rain_lag_1,rain_lag_2,temperature,rain_mm,humidity,wind_speed,visibility_km,pm2_5,pm10,co_level,no2_level,aqi,rain_accumulation_3h,wmo_rain_category,visibility_penalty,emission_congestion_cross_lag1,weather_condition_encoded,mrt_status,mrt_headway,distance_km,is_anomaly_lag1,osrm_divergence_lag1,rain_x_peak_hour,is_holiday,is_extreme_weather",15595,3899,0.8,0.1492172523057068,0.06142876168579505,0.2631268090684252,0.058971312124090874,2.989323607471243,1.4649371699492093,2.929748494187729,1.3935682142376147,0.14552479088772402,0.15270526433032122,5,0.10462074073836508,0.214265159718649,1.8557450526141797,1.8690677512824085,0.9577780178342453,0.09926669569014279,0.11071122240206925,0.20108579687859338,0.22860636118496355,0.8723588770881575,1.0101275618864052,17.252297004164134,16.902662862612985,88.01,78.79,0.03964938684010024,0.21056468078113733,"{""East (Mirpur-14 to 10)"": 0.08241994625971867, ""North (Mirpur-11 to 10)"": 0.11380984059594249, ""South (Kazipara to 10)"": 0.09969245153573844, ""West (Mirpur-1 to 10)"": 0.12257014927986341}",Metrics include OSRM baseline comparisons for Paper Table 3,"{""n_estimators"": 250, ""max_depth"": 6, ""learning_rate"": 0.03311829888072381, ""subsample"": 0.8186841117373118, ""colsample_bytree"": 0.6739417822102108, ""random_state"": 42, ""early_stopping_rounds"": 20, ""val_split_ratio"": 0.2, ""hpo_note"": ""Bayesian Optimization via Optuna (15 trials) minimizing Temporal Validation MAE""}",250,6,0.03311829888072381,0.8186841117373118,0.6739417822102108,latest/model_ml_weight.json,2026-06-11T19:02:36.679487+00:00
2026-06-12T19:02:27.325944+00:00,xgboost,20260612T190227Z,20646,39,"minute,day_of_week_num,is_weekend,hour_sin,hour_cos,direction_encoded,hour_encoded,hour_of_day,is_peak_hour,is_monsoon,month,actual_eta_min_lag1,actual_eta_min_lag2,actual_eta_min_lag3,rain_lag_1,rain_lag_2,temperature,rain_mm,humidity,wind_speed,visibility_km,pm2_5,pm10,co_level,no2_level,aqi,rain_accumulation_3h,wmo_rain_category,visibility_penalty,emission_congestion_cross_lag1,weather_condition_encoded,mrt_status,mrt_headway,distance_km,is_anomaly_lag1,osrm_divergence_lag1,rain_x_peak_hour,is_holiday,is_extreme_weather",16516,4130,0.8,0.1383346161702385,0.04900877632905653,0.2507632830542617,0.049498895670836936,2.7527914160635714,1.2042117456834125,2.7026185682212054,1.1386609678448303,0.13521541785248764,0.14163062525150283,5,0.1075221010143474,0.21725736069909868,1.894017017377953,1.909776530209933,0.9559677799241044,0.10155131150723656,0.11333416210698735,0.20276776589289622,0.23132239117686032,0.8752272760341411,1.0103306178150748,16.98974793689179,16.814150114556377,87.71,78.5,0.041359578903881755,0.21328419071940577,"{""East (Mirpur-14 to 10)"": 0.08469405671864717, ""North (Mirpur-11 to 10)"": 0.11552932986917423, ""South (Kazipara to 10)"": 0.10140287672826487, ""West (Mirpur-1 to 10)"": 0.12846396843207658}",Metrics include OSRM baseline comparisons for Paper Table 3,"{""n_estimators"": 250, ""max_depth"": 6, ""learning_rate"": 0.03311829888072381, ""subsample"": 0.8186841117373118, ""colsample_bytree"": 0.6739417822102108, ""random_state"": 42, ""early_stopping_rounds"": 20, ""val_split_ratio"": 0.2, ""hpo_note"": ""Bayesian Optimization via Optuna (15 trials) minimizing Temporal Validation MAE""}",250,6,0.03311829888072381,0.8186841117373118,0.6739417822102108,latest/model_ml_weight.json,2026-06-12T19:02:27.325966+00:00
2026-06-13T19:02:44.936444+00:00,xgboost,20260613T190244Z,21797,39,"minute,day_of_week_num,is_weekend,hour_sin,hour_cos,direction_encoded,hour_encoded,hour_of_day,is_peak_hour,is_monsoon,month,actual_eta_min_lag1,actual_eta_min_lag2,actual_eta_min_lag3,rain_lag_1,rain_lag_2,temperature,rain_mm,humidity,wind_speed,visibility_km,pm2_5,pm10,co_level,no2_level,aqi,rain_accumulation_3h,wmo_rain_category,visibility_penalty,emission_congestion_cross_lag1,weather_condition_encoded,mrt_status,mrt_headway,distance_km,is_anomaly_lag1,osrm_divergence_lag1,rain_x_peak_hour,is_holiday,is_extreme_weather",17437,4360,0.8,0.14710303407776198,0.05653005910114887,0.2589389380349686,0.05056983704311421,2.9431881431355134,1.407251353020323,2.8858422822404326,1.3290976563918206,0.1440655527888415,0.15033472972208972,5,0.10208753367301521,0.21247928271775726,1.8390623227529792,1.8424697598697488,0.9557633633610506,0.0966668965390516,0.10814396792469767,0.19825698715853451,0.22629057637560201,0.8380771838997556,0.978723557994068,16.682413994187833,16.268827093143546,87.82,78.29,0.035763761238220636,0.20944784306921896,"{""East (Mirpur-14 to 10)"": 0.08373305918317321, ""North (Mirpur-11 to 10)"": 0.11841635077014986, ""South (Kazipara to 10)"": 0.09431913427475397, ""West (Mirpur-1 to 10)"": 0.1118875801617896}",Metrics include OSRM baseline comparisons for Paper Table 3,"{""n_estimators"": 300, ""max_depth"": 8, ""learning_rate"": 0.019920332865647764, ""subsample"": 0.6031295652086336, ""colsample_bytree"": 0.9273022681672848, ""random_state"": 42, ""early_stopping_rounds"": 20, ""val_split_ratio"": 0.2, ""hpo_note"": ""Bayesian Optimization via Optuna (15 trials) minimizing Temporal Validation MAE""}",300,8,0.019920332865647764,0.6031295652086336,0.9273022681672848,latest/model_ml_weight.json,2026-06-13T19:02:44.936467+00:00
2026-06-14T19:02:31.378749+00:00,xgboost,20260614T190231Z,22949,39,"minute,day_of_week_num,is_weekend,hour_sin,hour_cos,direction_encoded,hour_encoded,hour_of_day,is_peak_hour,is_monsoon,month,actual_eta_min_lag1,actual_eta_min_lag2,actual_eta_min_lag3,rain_lag_1,rain_lag_2,temperature,rain_mm,humidity,wind_speed,visibility_km,pm2_5,pm10,co_level,no2_level,aqi,rain_accumulation_3h,wmo_rain_category,visibility_penalty,emission_congestion_cross_lag1,weather_condition_encoded,mrt_status,mrt_headway,distance_km,is_anomaly_lag1,osrm_divergence_lag1,rain_x_peak_hour,is_holiday,is_extreme_weather",18359,4590,0.8,0.13928110275557848,0.050812972722225305,0.25154403486958865,0.05273855903864225,2.7775513083294383,1.237925876798142,2.7225900796183833,1.1637888208909863,0.1364095151518304,0.1422623893787796,5,0.09268192668366275,0.19680112814736725,1.7085506975483105,1.7074249487175404,0.9642910169997733,0.08783917135174239,0.09793214172693639,0.1837519569322341,0.2099261848213454,0.8649669579460946,1.0058434457915533,18.19304493848745,17.195576086720997,89.28,80.43,0.02642576630079147,0.19501887835666684,"{""East (Mirpur-14 to 10)"": 0.07809011530793086, ""North (Mirpur-11 to 10)"": 0.10959538256726754, ""South (Kazipara to 10)"": 0.07020853808532611, ""West (Mirpur-1 to 10)"": 0.11286313672514328}",Metrics include OSRM baseline comparisons for Paper Table 3,"{""n_estimators"": 150, ""max_depth"": 7, ""learning_rate"": 0.049738021116350756, ""subsample"": 0.7980181763322469, ""colsample_bytree"": 0.997970003393999, ""random_state"": 42, ""early_stopping_rounds"": 20, ""val_split_ratio"": 0.2, ""hpo_note"": ""Bayesian Optimization via Optuna (15 trials) minimizing Temporal Validation MAE""}",150,7,0.049738021116350756,0.7980181763322469,0.997970003393999,latest/model_ml_weight.json,2026-06-14T19:02:31.378772+00:00
2026-06-15T19:02:57.945453+00:00,xgboost,20260615T190257Z,24101,39,"minute,day_of_week_num,is_weekend,hour_sin,hour_cos,direction_encoded,hour_encoded,hour_of_day,is_peak_hour,is_monsoon,month,actual_eta_min_lag1,actual_eta_min_lag2,actual_eta_min_lag3,rain_lag_1,rain_lag_2,temperature,rain_mm,humidity,wind_speed,visibility_km,pm2_5,pm10,co_level,no2_level,aqi,rain_accumulation_3h,wmo_rain_category,visibility_penalty,emission_congestion_cross_lag1,weather_condition_encoded,mrt_status,mrt_headway,distance_km,is_anomaly_lag1,osrm_divergence_lag1,rain_x_peak_hour,is_holiday,is_extreme_weather",19280,4821,0.8,0.12346578583251908,0.03324214733212266,0.23462908647378838,0.036669155912791455,2.4366684772267755,0.8424440450516681,2.3979611634614035,0.7925689062425085,0.12056470439158588,0.1262823223016533,5,0.09589681536546513,0.1982033527783773,1.7743666405473941,1.7728197265337247,0.963383742266089,0.0909205305629735,0.10065892114037919,0.18599495570388763,0.21098497312046646,0.8507267720158878,0.9947233399471783,17.951229191294665,16.923474534874842,88.73,80.07,0.02805893590603098,0.1962071995835299,"{""East (Mirpur-14 to 10)"": 0.07949523713062848, ""North (Mirpur-11 to 10)"": 0.11804168848500297, ""South (Kazipara to 10)"": 0.07834635682323662, ""West (Mirpur-1 to 10)"": 0.10772615090333802}",Metrics include OSRM baseline comparisons for Paper Table 3,"{""n_estimators"": 250, ""max_depth"": 6, ""learning_rate"": 0.026771401081794172, ""subsample"": 0.7741269610231143, ""colsample_bytree"": 0.9375920406844779, ""random_state"": 42, ""early_stopping_rounds"": 20, ""val_split_ratio"": 0.2, ""hpo_note"": ""Bayesian Optimization via Optuna (15 trials) minimizing Temporal Validation MAE""}",250,6,0.026771401081794172,0.7741269610231143,0.9375920406844779,latest/model_ml_weight.json,2026-06-15T19:02:57.945475+00:00
2026-06-16T19:03:46.605432+00:00,xgboost,20260616T190346Z,25253,39,"minute,day_of_week_num,is_weekend,hour_sin,hour_cos,direction_encoded,hour_encoded,hour_of_day,is_peak_hour,is_monsoon,month,actual_eta_min_lag1,actual_eta_min_lag2,actual_eta_min_lag3,rain_lag_1,rain_lag_2,temperature,rain_mm,humidity,wind_speed,visibility_km,pm2_5,pm10,co_level,no2_level,aqi,rain_accumulation_3h,wmo_rain_category,visibility_penalty,emission_congestion_cross_lag1,weather_condition_encoded,mrt_status,mrt_headway,distance_km,is_anomaly_lag1,osrm_divergence_lag1,rain_x_peak_hour,is_holiday,is_extreme_weather",20202,5051,0.8,0.13683597731816904,0.04717276196590349,0.2477467991354529,0.053258220306512914,2.7384909417728194,1.22683104528169,2.6806207133489592,1.1415975981471966,0.13415354583913838,0.1396973933282574,5,0.10000258137225822,0.20435909594544865,1.862963674348492,1.8495514481848427,0.9610698998992669,0.09517125405077652,0.10506600198791041,0.1909297918984795,0.21722087140538102,0.851298975707365,0.9923389165795709,17.838776176646544,16.884697357452385,88.25,79.41,0.02525237563765182,0.20279289341664813,"{""East (Mirpur-14 to 10)"": 0.0780431982797002, ""North (Mirpur-11 to 10)"": 0.12100787919977009, ""South (Kazipara to 10)"": 0.08127892621056204, ""West (Mirpur-1 to 10)"": 0.1196969530720231}",Metrics include OSRM baseline comparisons for Paper Table 3,"{""n_estimators"": 200, ""max_depth"": 9, ""learning_rate"": 0.024233757919956682, ""subsample"": 0.7174947111476835, ""colsample_bytree"": 0.9375920406844779, ""random_state"": 42, ""early_stopping_rounds"": 20, ""val_split_ratio"": 0.2, ""hpo_note"": ""Bayesian Optimization via Optuna (15 trials) minimizing Temporal Validation MAE""}",200,9,0.024233757919956682,0.7174947111476835,0.9375920406844779,latest/model_ml_weight.json,2026-06-16T19:03:46.605456+00:00
2026-06-17T19:02:17.645307+00:00,xgboost,20260617T190217Z,26405,39,"minute,day_of_week_num,is_weekend,hour_sin,hour_cos,direction_encoded,hour_encoded,hour_of_day,is_peak_hour,is_monsoon,month,actual_eta_min_lag1,actual_eta_min_lag2,actual_eta_min_lag3,rain_lag_1,rain_lag_2,temperature,rain_mm,humidity,wind_speed,visibility_km,pm2_5,pm10,co_level,no2_level,aqi,rain_accumulation_3h,wmo_rain_category,visibility_penalty,emission_congestion_cross_lag1,weather_condition_encoded,mrt_status,mrt_headway,distance_km,is_anomaly_lag1,osrm_divergence_lag1,rain_x_peak_hour,is_holiday,is_extreme_weather",21124,5281,0.8,0.14098058704462918,0.024968687204171516,0.24419668044917242,0.026391935226464467,2.854224068104289,0.6072127970945828,2.813772450977326,0.5827925072418642,0.13831556643339724,0.143601155134472,5,0.1254747787440191,0.2237591614985477,2.464119908626673,2.4459480395218414,0.9560177626346894,0.12066193134124206,0.13054158094438997,0.21038325469460772,0.23676098944226143,0.8610117274623185,1.009838721489798,18.050546419169216,17.04913085328139,85.43,77.84,0.019451471882050646,0.22291209611897453,"{""North (Mirpur-11 to 10)"": 0.1351303794127828, ""South (Kazipara to 10)"": 0.11264595888474667, ""West (Mirpur-1 to 10)"": 0.128658963977309}",Metrics include OSRM baseline comparisons for Paper Table 3,"{""n_estimators"": 250, ""max_depth"": 5, ""learning_rate"": 0.011615865989246453, ""subsample"": 0.9795542149013333, ""colsample_bytree"": 0.9862528132298237, ""random_state"": 42, ""early_stopping_rounds"": 20, ""val_split_ratio"": 0.2, ""hpo_note"": ""Bayesian Optimization via Optuna (15 trials) minimizing Temporal Validation MAE""}",250,5,0.011615865989246453,0.9795542149013333,0.9862528132298237,latest/model_ml_weight.json,2026-06-17T19:02:17.645328+00:00
2026-06-18T19:03:01.544936+00:00,xgboost,20260618T190301Z,27557,39,"minute,day_of_week_num,is_weekend,hour_sin,hour_cos,direction_encoded,hour_encoded,hour_of_day,is_peak_hour,is_monsoon,month,actual_eta_min_lag1,actual_eta_min_lag2,actual_eta_min_lag3,rain_lag_1,rain_lag_2,temperature,rain_mm,humidity,wind_speed,visibility_km,pm2_5,pm10,co_level,no2_level,aqi,rain_accumulation_3h,wmo_rain_category,visibility_penalty,emission_congestion_cross_lag1,weather_condition_encoded,mrt_status,mrt_headway,distance_km,is_anomaly_lag1,osrm_divergence_lag1,rain_x_peak_hour,is_holiday,is_extreme_weather",22045,5512,0.8,0.12971894281168017,0.04091963771323685,0.24367205817428267,0.05053560560281669,2.5883922216579096,1.0030232210807661,2.54235588016039,0.9349555548028309,0.12700001792314783,0.13254698747018487,5,0.0984890193638158,0.21076758276242027,1.896073967969648,1.8854535179508691,0.9544079627313419,0.09371725833567376,0.10356844956175856,0.19633712659831756,0.22544121708003215,0.7911234627040018,0.9350078727076995,16.776956838455366,16.025698860256092,87.55,77.46,0.02010805966892158,0.20980619599970055,"{""East (Mirpur-14 to 10)"": 0.07919445250947992, ""North (Mirpur-11 to 10)"": 0.12496060974684807, ""South (Kazipara to 10)"": 0.08768058172251027, ""West (Mirpur-1 to 10)"": 0.09991004848704971}",Metrics include OSRM baseline comparisons for Paper Table 3,"{""n_estimators"": 200, ""max_depth"": 8, ""learning_rate"": 0.01972143575413012, ""subsample"": 0.7581908764807852, ""colsample_bytree"": 0.9831959559114114, ""random_state"": 42, ""early_stopping_rounds"": 20, ""val_split_ratio"": 0.2, ""hpo_note"": ""Bayesian Optimization via Optuna (15 trials) minimizing Temporal Validation MAE""}",200,8,0.01972143575413012,0.7581908764807852,0.9831959559114114,latest/model_ml_weight.json,2026-06-18T19:03:01.544959+00:00
2026-06-19T19:02:38.854241+00:00,xgboost,20260619T190238Z,28709,39,"minute,day_of_week_num,is_weekend,hour_sin,hour_cos,direction_encoded,hour_encoded,hour_of_day,is_peak_hour,is_monsoon,month,actual_eta_min_lag1,actual_eta_min_lag2,actual_eta_min_lag3,rain_lag_1,rain_lag_2,temperature,rain_mm,humidity,wind_speed,visibility_km,pm2_5,pm10,co_level,no2_level,aqi,rain_accumulation_3h,wmo_rain_category,visibility_penalty,emission_congestion_cross_lag1,weather_condition_encoded,mrt_status,mrt_headway,distance_km,is_anomaly_lag1,osrm_divergence_lag1,rain_x_peak_hour,is_holiday,is_extreme_weather",22967,5742,0.8,0.13446093257773278,0.022730318447007177,0.2342989334247015,0.034830053574864205,2.7298479684926678,0.5418862493227677,2.6897346119620513,0.510060934590716,0.13206633890038946,0.13679454301025554,5,0.11853087545811446,0.21692943564873768,2.473248327787259,2.4255911763358986,0.950920429454097,0.1138083149271533,0.12321053620490909,0.20400355534102718,0.22982690199285646,0.7874884399698611,0.9366929307257732,17.009856698536645,16.11959583074915,84.95,76.84,0.009457508815950054,0.21672317729739027,"{""East (Mirpur-14 to 10)"": 0.10500213174958735, ""North (Mirpur-11 to 10)"": 0.13356932856188988, ""South (Kazipara to 10)"": 0.1063665193436921, ""West (Mirpur-1 to 10)"": 0.12212524831274137}",Metrics include OSRM baseline comparisons for Paper Table 3,"{""n_estimators"": 250, ""max_depth"": 5, ""learning_rate"": 0.011615865989246453, ""subsample"": 0.9795542149013333, ""colsample_bytree"": 0.9862528132298237, ""random_state"": 42, ""early_stopping_rounds"": 20, ""val_split_ratio"": 0.2, ""hpo_note"": ""Bayesian Optimization via Optuna (15 trials) minimizing Temporal Validation MAE""}",250,5,0.011615865989246453,0.9795542149013333,0.9862528132298237,latest/model_ml_weight.json,2026-06-19T19:02:38.854262+00:00
2026-06-20T19:02:44.388398+00:00,xgboost,20260620T190244Z,29860,39,"minute,day_of_week_num,is_weekend,hour_sin,hour_cos,direction_encoded,hour_encoded,hour_of_day,is_peak_hour,is_monsoon,month,actual_eta_min_lag1,actual_eta_min_lag2,actual_eta_min_lag3,rain_lag_1,rain_lag_2,temperature,rain_mm,humidity,wind_speed,visibility_km,pm2_5,pm10,co_level,no2_level,aqi,rain_accumulation_3h,wmo_rain_category,visibility_penalty,emission_congestion_cross_lag1,weather_condition_encoded,mrt_status,mrt_headway,distance_km,is_anomaly_lag1,osrm_divergence_lag1,rain_x_peak_hour,is_holiday,is_extreme_weather",23888,5972,0.8,0.1396903042988762,0.021883219961073404,0.24317831460060702,0.0360773444396097,2.8915521366375523,0.5920958811238126,2.8300156486618184,0.5360191226551809,0.1371641360182758,0.14218386625283402,5,0.13928883886145652,0.25288888997877224,3.2148428971792833,3.06419318082533,0.945480254956752,0.13396364143101547,0.14460402484768123,0.2401995380746628,0.2654494326843898,0.836609534929299,1.0232820889247516,18.87897136769356,17.152915076628066,83.35,75.29,-0.0023170540577121365,0.25287827493715076,"{""East (Mirpur-14 to 10)"": 0.1221327355917027, ""North (Mirpur-11 to 10)"": 0.15642772035598757, ""South (Kazipara to 10)"": 0.14283955482478677, ""West (Mirpur-1 to 10)"": 0.13681026484725908}",Metrics include OSRM baseline comparisons for Paper Table 3,"{""n_estimators"": 250, ""max_depth"": 5, ""learning_rate"": 0.011615865989246453, ""subsample"": 0.9795542149013333, ""colsample_bytree"": 0.9862528132298237, ""random_state"": 42, ""early_stopping_rounds"": 20, ""val_split_ratio"": 0.2, ""hpo_note"": ""Bayesian Optimization via Optuna (15 trials) minimizing Temporal Validation MAE""}",250,5,0.011615865989246453,0.9795542149013333,0.9862528132298237,latest/model_ml_weight.json,2026-06-20T19:02:44.388422+00:00
2026-06-21T19:02:49.733402+00:00,xgboost,20260621T190249Z,31012,39,"minute,day_of_week_num,is_weekend,hour_sin,hour_cos,direction_encoded,hour_encoded,hour_of_day,is_peak_hour,is_monsoon,month,actual_eta_min_lag1,actual_eta_min_lag2,actual_eta_min_lag3,rain_lag_1,rain_lag_2,temperature,rain_mm,humidity,wind_speed,visibility_km,pm2_5,pm10,co_level,no2_level,aqi,rain_accumulation_3h,wmo_rain_category,visibility_penalty,emission_congestion_cross_lag1,weather_condition_encoded,mrt_status,mrt_headway,distance_km,is_anomaly_lag1,osrm_divergence_lag1,rain_x_peak_hour,is_holiday,is_extreme_weather",24809,6203,0.8,0.13472294198580942,0.033003746392657234,0.2507223976041846,0.044061263743074154,2.84230605228385,0.9681862022627817,2.756033320935619,0.8756413083192225,0.13216033294111396,0.13717451538047737,5,0.15166450348896654,0.2761212725223536,3.765809042358575,3.5363684211683752,0.9411721781870803,0.1459644712901742,0.15743697469641502,0.2648772338921563,0.2879479094615492,0.9019493238916106,1.1170625173656445,21.54157141747107,18.75578904777328,83.18,75.28,-0.025218637344357888,0.27496722981085875,"{""East (Mirpur-14 to 10)"": 0.12369030225054055, ""North (Mirpur-11 to 10)"": 0.15728631445087204, ""South (Kazipara to 10)"": 0.15462141368004584, ""West (Mirpur-1 to 10)"": 0.1710618900284315}",Metrics include OSRM baseline comparisons for Paper Table 3,"{""n_estimators"": 200, ""max_depth"": 8, ""learning_rate"": 0.02134487354856654, ""subsample"": 0.6342340273631956, ""colsample_bytree"": 0.8953622178900085, ""random_state"": 42, ""early_stopping_rounds"": 20, ""val_split_ratio"": 0.2, ""hpo_note"": ""Bayesian Optimization via Optuna (15 trials) minimizing Temporal Validation MAE""}",200,8,0.02134487354856654,0.6342340273631956,0.8953622178900085,latest/model_ml_weight.json,2026-06-21T19:02:49.733428+00:00
2026-06-22T19:02:34.529419+00:00,xgboost,20260622T190234Z,32164,39,"minute,day_of_week_num,is_weekend,hour_sin,hour_cos,direction_encoded,hour_encoded,hour_of_day,is_peak_hour,is_monsoon,month,actual_eta_min_lag1,actual_eta_min_lag2,actual_eta_min_lag3,rain_lag_1,rain_lag_2,temperature,rain_mm,humidity,wind_speed,visibility_km,pm2_5,pm10,co_level,no2_level,aqi,rain_accumulation_3h,wmo_rain_category,visibility_penalty,emission_congestion_cross_lag1,weather_condition_encoded,mrt_status,mrt_headway,distance_km,is_anomaly_lag1,osrm_divergence_lag1,rain_x_peak_hour,is_holiday,is_extreme_weather",25731,6433,0.8,0.14385921879668734,0.019354340149759355,0.24929853280497366,0.028613908857229916,3.127821734652632,0.800964965261288,3.031357093889324,0.6937737985332696,0.1415006373707928,0.14631938659096833,5,0.16916447141947688,0.296299307624432,4.3070180512886385,4.013142379989069,0.9369509634481622,0.16380602675786607,0.17564650292687853,0.28564116177718324,0.307855727131714,0.9183238747033527,1.1481802033511765,22.253384243497536,19.168092855645302,81.58,74.19,-0.0219044306814513,0.2954885371977047,"{""North (Mirpur-11 to 10)"": 0.16901630481677268, ""South (Kazipara to 10)"": 0.1639646496924002, ""West (Mirpur-1 to 10)"": 0.17450996651460518}",Metrics include OSRM baseline comparisons for Paper Table 3,"{""n_estimators"": 250, ""max_depth"": 5, ""learning_rate"": 0.011615865989246453, ""subsample"": 0.9795542149013333, ""colsample_bytree"": 0.9862528132298237, ""random_state"": 42, ""early_stopping_rounds"": 20, ""val_split_ratio"": 0.2, ""hpo_note"": ""Bayesian Optimization via Optuna (15 trials) minimizing Temporal Validation MAE""}",250,5,0.011615865989246453,0.9795542149013333,0.9862528132298237,latest/model_ml_weight.json,2026-06-22T19:02:34.529442+00:00
2026-06-23T19:03:02.683697+00:00,xgboost,20260623T190302Z,33304,39,"minute,day_of_week_num,is_weekend,hour_sin,hour_cos,direction_encoded,hour_encoded,hour_of_day,is_peak_hour,is_monsoon,month,actual_eta_min_lag1,actual_eta_min_lag2,actual_eta_min_lag3,rain_lag_1,rain_lag_2,temperature,rain_mm,humidity,wind_speed,visibility_km,pm2_5,pm10,co_level,no2_level,aqi,rain_accumulation_3h,wmo_rain_category,visibility_penalty,emission_congestion_cross_lag1,weather_condition_encoded,mrt_status,mrt_headway,distance_km,is_anomaly_lag1,osrm_divergence_lag1,rain_x_peak_hour,is_holiday,is_extreme_weather",26643,6661,0.8,0.15930714617308198,0.0515482959923668,0.27949613376236243,0.05113110204675503,3.5195892086096316,1.4768525600561908,3.3811258294835453,1.346499121056848,0.15657239376880028,0.1621480642576218,5,0.20768840730521365,0.3600862613937432,5.839922450020478,5.2744509717558925,0.913984144688648,0.200567692058542,0.21533044412235944,0.3484243844547489,0.37224672385748153,0.9500384002613215,1.2191934230961867,24.742923704270037,20.40490916937437,78.14,70.47,-0.07729827628302477,0.3516917572650748,"{""East (Mirpur-14 to 10)"": 0.19252002723506087, ""North (Mirpur-11 to 10)"": 0.21480839878803976, ""South (Kazipara to 10)"": 0.20963874314266903, ""West (Mirpur-1 to 10)"": 0.21379307509899712}",Metrics include OSRM baseline comparisons for Paper Table 3,"{""n_estimators"": 200, ""max_depth"": 9, ""learning_rate"": 0.02328566722391323, ""subsample"": 0.6757278702530551, ""colsample_bytree"": 0.9375920406844779, ""random_state"": 42, ""early_stopping_rounds"": 20, ""val_split_ratio"": 0.2, ""hpo_note"": ""Bayesian Optimization via Optuna (15 trials) minimizing Temporal Validation MAE""}",200,9,0.02328566722391323,0.6757278702530551,0.9375920406844779,latest/model_ml_weight.json,2026-06-23T19:03:02.683719+00:00
2026-06-24T19:02:47.764739+00:00,xgboost,20260624T190247Z,34456,39,"minute,day_of_week_num,is_weekend,hour_sin,hour_cos,direction_encoded,hour_encoded,hour_of_day,is_peak_hour,is_monsoon,month,actual_eta_min_lag1,actual_eta_min_lag2,actual_eta_min_lag3,rain_lag_1,rain_lag_2,temperature,rain_mm,humidity,wind_speed,visibility_km,pm2_5,pm10,co_level,no2_level,aqi,rain_accumulation_3h,wmo_rain_category,visibility_penalty,emission_congestion_cross_lag1,weather_condition_encoded,mrt_status,mrt_headway,distance_km,is_anomaly_lag1,osrm_divergence_lag1,rain_x_peak_hour,is_holiday,is_extreme_weather",27564,6892,0.8,0.1282777796934308,0.029541444546958874,0.24437184222191552,0.04201246998308184,2.9353066847671028,1.2532251958736327,2.8076416307450445,1.0753321260632294,0.1259330917016341,0.13062110805716592,5,0.17682755154921295,0.3176133732000546,5.104109425110831,4.649905849879612,0.9346735008471899,0.17079127810157735,0.1831393885857064,0.3077012166952325,0.3280953286957326,0.9561608730232988,1.237948020157495,25.50026553612112,20.690313771922337,81.51,74.34,-0.06002771640335897,0.3118892882080356,"{""East (Mirpur-14 to 10)"": 0.14843893568038943, ""North (Mirpur-11 to 10)"": 0.17438418248034782, ""South (Kazipara to 10)"": 0.173087452885088, ""West (Mirpur-1 to 10)"": 0.19745310187885778}",Metrics include OSRM baseline comparisons for Paper Table 3,"{""n_estimators"": 150, ""max_depth"": 4, ""learning_rate"": 0.024416919388045466, ""subsample"": 0.8914038280289425, ""colsample_bytree"": 0.9339061366238853, ""random_state"": 42, ""early_stopping_rounds"": 20, ""val_split_ratio"": 0.2, ""hpo_note"": ""Bayesian Optimization via Optuna (15 trials) minimizing Temporal Validation MAE""}",150,4,0.024416919388045466,0.8914038280289425,0.9339061366238853,latest/model_ml_weight.json,2026-06-24T19:02:47.764761+00:00
2026-06-25T19:02:53.166030+00:00,xgboost,20260625T190253Z,34543,39,"minute,day_of_week_num,is_weekend,hour_sin,hour_cos,direction_encoded,hour_encoded,hour_of_day,is_peak_hour,is_monsoon,month,actual_eta_min_lag1,actual_eta_min_lag2,actual_eta_min_lag3,rain_lag_1,rain_lag_2,temperature,rain_mm,humidity,wind_speed,visibility_km,pm2_5,pm10,co_level,no2_level,aqi,rain_accumulation_3h,wmo_rain_category,visibility_penalty,emission_congestion_cross_lag1,weather_condition_encoded,mrt_status,mrt_headway,distance_km,is_anomaly_lag1,osrm_divergence_lag1,rain_x_peak_hour,is_holiday,is_extreme_weather",27634,6909,0.8,0.1472977645308147,0.03332674617472447,0.2642856245725099,0.04579244073863663,3.444451808272138,1.3482338029454637,3.2740385136980974,1.148769054477927,0.1445909064693958,0.15012678923332717,5,0.19160853445693854,0.3283458654342915,5.647656775687244,5.129180391613878,0.9342265569416093,0.1847747195225615,0.19799700969700051,0.3183460674165735,0.3382701915842591,1.0144946986962264,1.2777321337530587,27.27104626381516,22.209094187278016,81.11,74.3,-0.06489692894486583,0.32186860045881904,"{""East (Mirpur-14 to 10)"": 0.17432614587315176, ""North (Mirpur-11 to 10)"": 0.17888130101024124, ""South (Kazipara to 10)"": 0.1950435150592208, ""West (Mirpur-1 to 10)"": 0.2117376486187155}",Metrics include OSRM baseline comparisons for Paper Table 3,"{""n_estimators"": 100, ""max_depth"": 6, ""learning_rate"": 0.03347776308515933, ""subsample"": 0.7727780074568463, ""colsample_bytree"": 0.7164916560792167, ""random_state"": 42, ""early_stopping_rounds"": 20, ""val_split_ratio"": 0.2, ""hpo_note"": ""Bayesian Optimization via Optuna (15 trials) minimizing Temporal Validation MAE""}",100,6,0.03347776308515933,0.7727780074568463,0.7164916560792167,latest/model_ml_weight.json,2026-06-25T19:02:53.166059+00:00
2026-06-26T19:03:37.137103+00:00,xgboost,20260626T190337Z,34543,39,"minute,day_of_week_num,is_weekend,hour_sin,hour_cos,direction_encoded,hour_encoded,hour_of_day,is_peak_hour,is_monsoon,month,actual_eta_min_lag1,actual_eta_min_lag2,actual_eta_min_lag3,rain_lag_1,rain_lag_2,temperature,rain_mm,humidity,wind_speed,visibility_km,pm2_5,pm10,co_level,no2_level,aqi,rain_accumulation_3h,wmo_rain_category,visibility_penalty,emission_congestion_cross_lag1,weather_condition_encoded,mrt_status,mrt_headway,distance_km,is_anomaly_lag1,osrm_divergence_lag1,rain_x_peak_hour,is_holiday,is_extreme_weather",27634,6909,0.8,0.148425654331636,0.040809953521354934,0.2739807607915141,0.06078602923929904,3.4317325710095288,1.6297473672033893,3.237947855692186,1.3587503267095327,0.1457169599479243,0.15122036010242904,5,0.20927549866695516,0.3529228525553776,6.046174797494735,5.437929029868209,0.9189738745471857,0.2031069454228176,0.216187174765828,0.34190073128187537,0.36418843169209153,0.9671119552105536,1.2256680489907186,25.505613427941515,21.04310159269687,78.36,71.21,-0.08020620957972395,0.34368809086245367,"{""East (Mirpur-14 to 10)"": 0.1750307761921602, ""North (Mirpur-11 to 10)"": 0.20157397826889814, ""South (Kazipara to 10)"": 0.21781428193755462, ""West (Mirpur-1 to 10)"": 0.2292092776163823}",Metrics include OSRM baseline comparisons for Paper Table 3,"{""n_estimators"": 200, ""max_depth"": 9, ""learning_rate"": 0.026013968879551805, ""subsample"": 0.7238736580945132, ""colsample_bytree"": 0.9281889012746769, ""random_state"": 42, ""early_stopping_rounds"": 20, ""val_split_ratio"": 0.2, ""hpo_note"": ""Bayesian Optimization via Optuna (15 trials) minimizing Temporal Validation MAE""}",200,9,0.026013968879551805,0.7238736580945132,0.9281889012746769,latest/model_ml_weight.json,2026-06-26T19:03:37.137128+00:00
2026-06-27T19:02:31.807466+00:00,xgboost,20260627T190231Z,34543,39,"minute,day_of_week_num,is_weekend,hour_sin,hour_cos,direction_encoded,hour_encoded,hour_of_day,is_peak_hour,is_monsoon,month,actual_eta_min_lag1,actual_eta_min_lag2,actual_eta_min_lag3,rain_lag_1,rain_lag_2,temperature,rain_mm,humidity,wind_speed,visibility_km,pm2_5,pm10,co_level,no2_level,aqi,rain_accumulation_3h,wmo_rain_category,visibility_penalty,emission_congestion_cross_lag1,weather_condition_encoded,mrt_status,mrt_headway,distance_km,is_anomaly_lag1,osrm_divergence_lag1,rain_x_peak_hour,is_holiday,is_extreme_weather",27634,6909,0.8,0.1350429394473337,0.03279887922487262,0.251644669877541,0.041346925468708697,3.096731874295087,1.232497050228445,2.9725866863627126,1.0950458625073336,0.1325454362712222,0.13743073961037777,5,0.17750193959742866,0.3077920049945443,5.158205146947953,4.739315924380418,0.9459564214395517,0.17139572043318121,0.1834756446956881,0.2981474684972472,0.31750863668302715,1.049030096928362,1.3288856202988624,29.056458018811142,23.207231732703676,83.08,76.84,-0.05874133822023824,0.30213469433790147,"{""East (Mirpur-14 to 10)"": 0.15058658698096347, ""North (Mirpur-11 to 10)"": 0.1733206350049607, ""South (Kazipara to 10)"": 0.17275287649752885, ""West (Mirpur-1 to 10)"": 0.20422674351497894}",Metrics include OSRM baseline comparisons for Paper Table 3,"{""n_estimators"": 100, ""max_depth"": 4, ""learning_rate"": 0.07348118405270448, ""subsample"": 0.8404460046972835, ""colsample_bytree"": 0.8832290311184181, ""random_state"": 42, ""early_stopping_rounds"": 20, ""val_split_ratio"": 0.2, ""hpo_note"": ""Bayesian Optimization via Optuna (15 trials) minimizing Temporal Validation MAE""}",100,4,0.07348118405270448,0.8404460046972835,0.8832290311184181,latest/model_ml_weight.json,2026-06-27T19:02:31.807492+00:00
2026-06-28T19:02:15.790009+00:00,xgboost,20260628T190215Z,34543,39,"minute,day_of_week_num,is_weekend,hour_sin,hour_cos,direction_encoded,hour_encoded,hour_of_day,is_peak_hour,is_monsoon,month,actual_eta_min_lag1,actual_eta_min_lag2,actual_eta_min_lag3,rain_lag_1,rain_lag_2,temperature,rain_mm,humidity,wind_speed,visibility_km,pm2_5,pm10,co_level,no2_level,aqi,rain_accumulation_3h,wmo_rain_category,visibility_penalty,emission_congestion_cross_lag1,weather_condition_encoded,mrt_status,mrt_headway,distance_km,is_anomaly_lag1,osrm_divergence_lag1,rain_x_peak_hour,is_holiday,is_extreme_weather",27634,6909,0.8,0.12042475935376226,0.02493720783222812,0.24076989435287438,0.031887218358626825,2.759069081019887,1.0613878427047283,2.64795889047411,0.9353524630594224,0.11810946000843633,0.12286106728931795,5,0.16598905699455646,0.2940119591674079,4.788909490651987,4.427110253507967,0.9482996146713822,0.1604724389138831,0.17190900559379801,0.28465601139322955,0.30353073979561357,1.0072113768106,1.2993421791558195,28.030737051254967,22.28262962436526,83.52,77.37,-0.06360895637769501,0.28704865929315543,"{""North (Mirpur-11 to 10)"": 0.15505649287425155, ""South (Kazipara to 10)"": 0.15396848403211788, ""West (Mirpur-1 to 10)"": 0.1889274867417084}",Metrics include OSRM baseline comparisons for Paper Table 3,"{""n_estimators"": 150, ""max_depth"": 4, ""learning_rate"": 0.049069708207682056, ""subsample"": 0.6538237027877302, ""colsample_bytree"": 0.8884730934524878, ""random_state"": 42, ""early_stopping_rounds"": 20, ""val_split_ratio"": 0.2, ""hpo_note"": ""Bayesian Optimization via Optuna (15 trials) minimizing Temporal Validation MAE""}",150,4,0.049069708207682056,0.6538237027877302,0.8884730934524878,latest/model_ml_weight.json,2026-06-28T19:02:15.790031+00:00
2026-06-29T19:02:52.379665+00:00,xgboost,20260629T190252Z,34543,39,"minute,day_of_week_num,is_weekend,hour_sin,hour_cos,direction_encoded,hour_encoded,hour_of_day,is_peak_hour,is_monsoon,month,actual_eta_min_lag1,actual_eta_min_lag2,actual_eta_min_lag3,rain_lag_1,rain_lag_2,temperature,rain_mm,humidity,wind_speed,visibility_km,pm2_5,pm10,co_level,no2_level,aqi,rain_accumulation_3h,wmo_rain_category,visibility_penalty,emission_congestion_cross_lag1,weather_condition_encoded,mrt_status,mrt_headway,distance_km,is_anomaly_lag1,osrm_divergence_lag1,rain_x_peak_hour,is_holiday,is_extreme_weather",27634,6909,0.8,0.1240515674583113,0.03412506922311149,0.2436675691592974,0.053832877338376994,2.964724099021427,1.380313499314407,2.809412469980825,1.1992468568148096,0.12162146671680148,0.12661517576082976,5,0.16651959288946747,0.3107136052327206,4.9660742187950655,4.51779663722783,0.9383823287769554,0.16016396965482227,0.17237175361615634,0.2990177503539743,0.3225156704251764,0.9712184418051558,1.2493440769760156,26.662741126158775,21.542440577702397,82.85,75.13,-0.06201022907593328,0.3044629303653652,"{""East (Mirpur-14 to 10)"": 0.16489924892126837, ""North (Mirpur-11 to 10)"": 0.17436657657064134, ""South (Kazipara to 10)"": 0.16075702307412687, ""West (Mirpur-1 to 10)"": 0.16725871653439853}",Metrics include OSRM baseline comparisons for Paper Table 3,"{""n_estimators"": 300, ""max_depth"": 4, ""learning_rate"": 0.018120923937199558, ""subsample"": 0.7168953862007945, ""colsample_bytree"": 0.9831959559114114, ""random_state"": 42, ""early_stopping_rounds"": 20, ""val_split_ratio"": 0.2, ""hpo_note"": ""Bayesian Optimization via Optuna (15 trials) minimizing Temporal Validation MAE""}",300,4,0.018120923937199558,0.7168953862007945,0.9831959559114114,latest/model_ml_weight.json,2026-06-29T19:02:52.379688+00:00
2026-06-30T19:02:38.009496+00:00,xgboost,20260630T190238Z,34543,39,"minute,day_of_week_num,is_weekend,hour_sin,hour_cos,direction_encoded,hour_encoded,hour_of_day,is_peak_hour,is_monsoon,month,actual_eta_min_lag1,actual_eta_min_lag2,actual_eta_min_lag3,rain_lag_1,rain_lag_2,temperature,rain_mm,humidity,wind_speed,visibility_km,pm2_5,pm10,co_level,no2_level,aqi,rain_accumulation_3h,wmo_rain_category,visibility_penalty,emission_congestion_cross_lag1,weather_condition_encoded,mrt_status,mrt_headway,distance_km,is_anomaly_lag1,osrm_divergence_lag1,rain_x_peak_hour,is_holiday,is_extreme_weather",27634,6909,0.8,0.14133234374672665,0.0363116369512892,0.2513467662787378,0.055518616666789464,3.388519452017763,1.4034443210559524,3.2192571342108236,1.224548913567787,0.13889339503088158,0.14392531814066634,5,0.18538925661055844,0.3255516273864818,5.555151735390808,5.053869595972406,0.9363732832567407,0.17884967187224293,0.19188087331874276,0.3143028133534651,0.33692085714216347,1.0184119085711036,1.2966045421318293,28.36954359055929,22.74058500922317,81.8,74.89,-0.06679758279916084,0.3186250853686444,"{""East (Mirpur-14 to 10)"": 0.192923967889597, ""North (Mirpur-11 to 10)"": 0.182394421196532, ""South (Kazipara to 10)"": 0.17442184572998531, ""West (Mirpur-1 to 10)"": 0.19212689517529533}",Metrics include OSRM baseline comparisons for Paper Table 3,"{""n_estimators"": 100, ""max_depth"": 6, ""learning_rate"": 0.03347776308515933, ""subsample"": 0.7727780074568463, ""colsample_bytree"": 0.7164916560792167, ""random_state"": 42, ""early_stopping_rounds"": 20, ""val_split_ratio"": 0.2, ""hpo_note"": ""Bayesian Optimization via Optuna (15 trials) minimizing Temporal Validation MAE""}",100,6,0.03347776308515933,0.7727780074568463,0.7164916560792167,latest/model_ml_weight.json,2026-06-30T19:02:38.009546+00:00
2026-07-01T19:02:44.563629+00:00,xgboost,20260701T190244Z,34522,39,"minute,day_of_week_num,is_weekend,hour_sin,hour_cos,direction_encoded,hour_encoded,hour_of_day,is_peak_hour,is_monsoon,month,actual_eta_min_lag1,actual_eta_min_lag2,actual_eta_min_lag3,rain_lag_1,rain_lag_2,temperature,rain_mm,humidity,wind_speed,visibility_km,pm2_5,pm10,co_level,no2_level,aqi,rain_accumulation_3h,wmo_rain_category,visibility_penalty,emission_congestion_cross_lag1,weather_condition_encoded,mrt_status,mrt_headway,distance_km,is_anomaly_lag1,osrm_divergence_lag1,rain_x_peak_hour,is_holiday,is_extreme_weather",27617,6905,0.8,0.16769323686241336,0.03178525913381544,0.287248463357593,0.05219528413541263,3.9786655367376205,1.135996959550703,3.7985844120292014,0.9525569596636225,0.16507907453410503,0.1704583401570336,5,0.14988850900040948,0.2472942693778564,3.8058688923607322,3.6593497755337627,0.9626559258408783,0.14534599992992395,0.15475367939643117,0.2379696843378462,0.2569714350279571,1.0015268341900572,1.2834119813482296,27.56889948529605,22.04207775621606,85.03,80.73,-0.021291438534327117,0.24637599378240319,"{""East (Mirpur-14 to 10)"": 0.1479182404593781, ""North (Mirpur-11 to 10)"": 0.13542089674576469, ""South (Kazipara to 10)"": 0.15076816705812038, ""West (Mirpur-1 to 10)"": 0.16543048647696668}",Metrics include OSRM baseline comparisons for Paper Table 3,"{""n_estimators"": 250, ""max_depth"": 5, ""learning_rate"": 0.011615865989246453, ""subsample"": 0.9795542149013333, ""colsample_bytree"": 0.9862528132298237, ""random_state"": 42, ""early_stopping_rounds"": 20, ""val_split_ratio"": 0.2, ""hpo_note"": ""Bayesian Optimization via Optuna (15 trials) minimizing Temporal Validation MAE""}",250,5,0.011615865989246453,0.9795542149013333,0.9862528132298237,latest/model_ml_weight.json,2026-07-01T19:02:44.563653+00:00
2026-07-02T19:02:53.073434+00:00,xgboost,20260702T190253Z,34522,39,"minute,day_of_week_num,is_weekend,hour_sin,hour_cos,direction_encoded,hour_encoded,hour_of_day,is_peak_hour,is_monsoon,month,actual_eta_min_lag1,actual_eta_min_lag2,actual_eta_min_lag3,rain_lag_1,rain_lag_2,temperature,rain_mm,humidity,wind_speed,visibility_km,pm2_5,pm10,co_level,no2_level,aqi,rain_accumulation_3h,wmo_rain_category,visibility_penalty,emission_congestion_cross_lag1,weather_condition_encoded,mrt_status,mrt_headway,distance_km,is_anomaly_lag1,osrm_divergence_lag1,rain_x_peak_hour,is_holiday,is_extreme_weather",27617,6905,0.8,0.16693430547152274,0.02317918872940132,0.28273086137604037,0.042835393807631135,4.115772708346498,1.0641532945854069,3.886687719232627,0.8674656801432592,0.16446989183167302,0.16991363640572535,5,0.13851177467357242,0.2327828996135599,3.3341145376780763,3.2564387123767116,0.967292954350398,0.1337769387122948,0.14305725309878137,0.22342649065045794,0.24218399757471346,1.0118684992065177,1.288671993785045,27.79001506795443,22.24974106467141,86.31,81.94,-0.0042611340088398765,0.23274389592308412,"{""East (Mirpur-14 to 10)"": 0.13627898581261297, ""North (Mirpur-11 to 10)"": 0.1318623231086178, ""South (Kazipara to 10)"": 0.13509966390572176, ""West (Mirpur-1 to 10)"": 0.15079644954197655}",Metrics include OSRM baseline comparisons for Paper Table 3,"{""n_estimators"": 250, ""max_depth"": 5, ""learning_rate"": 0.011615865989246453, ""subsample"": 0.9795542149013333, ""colsample_bytree"": 0.9862528132298237, ""random_state"": 42, ""early_stopping_rounds"": 20, ""val_split_ratio"": 0.2, ""hpo_note"": ""Bayesian Optimization via Optuna (15 trials) minimizing Temporal Validation MAE""}",250,5,0.011615865989246453,0.9795542149013333,0.9862528132298237,latest/model_ml_weight.json,2026-07-02T19:02:53.073455+00:00
2026-07-03T19:02:58.597810+00:00,xgboost,20260703T190258Z,34518,39,"minute,day_of_week_num,is_weekend,hour_sin,hour_cos,direction_encoded,hour_encoded,hour_of_day,is_peak_hour,is_monsoon,month,actual_eta_min_lag1,actual_eta_min_lag2,actual_eta_min_lag3,rain_lag_1,rain_lag_2,temperature,rain_mm,humidity,wind_speed,visibility_km,pm2_5,pm10,co_level,no2_level,aqi,rain_accumulation_3h,wmo_rain_category,visibility_penalty,emission_congestion_cross_lag1,weather_condition_encoded,mrt_status,mrt_headway,distance_km,is_anomaly_lag1,osrm_divergence_lag1,rain_x_peak_hour,is_holiday,is_extreme_weather",27614,6904,0.8,0.1672666654906728,0.058542323911970846,0.30412526038953375,0.10173930083984345,4.427806440857802,2.4736079273227354,4.0086994516346115,1.9637497711572143,0.16410299442665235,0.17046103606992405,5,0.1874592115691197,0.3270462679340582,5.374087853510479,4.86998818543915,0.9336154683743301,0.1810749060508136,0.19403647243828098,0.31571471544847424,0.33806409026493106,0.9969670939182234,1.2621421319948545,26.86091423809216,21.795893906628283,81.2,74.09,-0.06849796154960419,0.31979257438712483,"{""East (Mirpur-14 to 10)"": 0.1745533570766449, ""North (Mirpur-11 to 10)"": 0.1753876591165113, ""South (Kazipara to 10)"": 0.1839933766291394, ""West (Mirpur-1 to 10)"": 0.2095370994963096}",Metrics include OSRM baseline comparisons for Paper Table 3,"{""n_estimators"": 200, ""max_depth"": 8, ""learning_rate"": 0.017921317272086623, ""subsample"": 0.9820579316166452, ""colsample_bytree"": 0.9935584941681304, ""random_state"": 42, ""early_stopping_rounds"": 20, ""val_split_ratio"": 0.2, ""hpo_note"": ""Bayesian Optimization via Optuna (15 trials) minimizing Temporal Validation MAE""}",200,8,0.017921317272086623,0.9820579316166452,0.9935584941681304,latest/model_ml_weight.json,2026-07-03T19:02:58.597830+00:00
2026-07-04T19:03:07.555810+00:00,xgboost,20260704T190307Z,34519,39,"minute,day_of_week_num,is_weekend,hour_sin,hour_cos,direction_encoded,hour_encoded,hour_of_day,is_peak_hour,is_monsoon,month,actual_eta_min_lag1,actual_eta_min_lag2,actual_eta_min_lag3,rain_lag_1,rain_lag_2,temperature,rain_mm,humidity,wind_speed,visibility_km,pm2_5,pm10,co_level,no2_level,aqi,rain_accumulation_3h,wmo_rain_category,visibility_penalty,emission_congestion_cross_lag1,weather_condition_encoded,mrt_status,mrt_headway,distance_km,is_anomaly_lag1,osrm_divergence_lag1,rain_x_peak_hour,is_holiday,is_extreme_weather",27615,6904,0.8,0.14475253492534712,0.032776257935439715,0.25403657334657065,0.055970448211269626,3.555538916062455,1.4517908361549967,3.3615954163980604,1.237220057288964,0.14226565014505807,0.1471851437080389,5,0.13788806288709232,0.24625318798777462,3.4468416055104236,3.3216740150861206,0.9633249292061214,0.13297133361426455,0.14286289753387593,0.23583054670411693,0.25649685095252217,1.0012211629316767,1.2876207398663473,27.79069037349784,22.11869692756431,86.23,80.88,-0.01860549249350678,0.24554931937029745,"{""North (Mirpur-11 to 10)"": 0.12804136165998542, ""South (Kazipara to 10)"": 0.13192820591286236, ""West (Mirpur-1 to 10)"": 0.15368775464264237}",Metrics include OSRM baseline comparisons for Paper Table 3,"{""n_estimators"": 250, ""max_depth"": 5, ""learning_rate"": 0.011615865989246453, ""subsample"": 0.9795542149013333, ""colsample_bytree"": 0.9862528132298237, ""random_state"": 42, ""early_stopping_rounds"": 20, ""val_split_ratio"": 0.2, ""hpo_note"": ""Bayesian Optimization via Optuna (15 trials) minimizing Temporal Validation MAE""}",250,5,0.011615865989246453,0.9795542149013333,0.9862528132298237,latest/model_ml_weight.json,2026-07-04T19:03:07.555833+00:00
2026-07-05T19:02:57.786215+00:00,xgboost,20260705T190257Z,34519,39,"minute,day_of_week_num,is_weekend,hour_sin,hour_cos,direction_encoded,hour_encoded,hour_of_day,is_peak_hour,is_monsoon,month,actual_eta_min_lag1,actual_eta_min_lag2,actual_eta_min_lag3,rain_lag_1,rain_lag_2,temperature,rain_mm,humidity,wind_speed,visibility_km,pm2_5,pm10,co_level,no2_level,aqi,rain_accumulation_3h,wmo_rain_category,visibility_penalty,emission_congestion_cross_lag1,weather_condition_encoded,mrt_status,mrt_headway,distance_km,is_anomaly_lag1,osrm_divergence_lag1,rain_x_peak_hour,is_holiday,is_extreme_weather",27615,6904,0.8,0.14829873321443027,0.028721590009986944,0.26076854036321107,0.049099025514729486,3.6225609468423343,1.2728576203455184,3.42981873465562,1.0786673999753922,0.14565239650882805,0.15079572732855956,5,0.14150170357865502,0.24011116677912794,3.6087820407824998,3.472019898903326,0.9654919869281664,0.13691337717404786,0.14612978382717692,0.23113026010779977,0.25000444208208844,1.0105738122527805,1.292986259694489,28.120683035953682,22.336635908206308,86.0,81.43,-0.024138666938381684,0.23889474077608336,"{""East (Mirpur-14 to 10)"": 0.12355083642959598, ""North (Mirpur-11 to 10)"": 0.15273025817636526, ""South (Kazipara to 10)"": 0.13538534862380713, ""West (Mirpur-1 to 10)"": 0.1490674074746338}",Metrics include OSRM baseline comparisons for Paper Table 3,"{""n_estimators"": 250, ""max_depth"": 5, ""learning_rate"": 0.011615865989246453, ""subsample"": 0.9795542149013333, ""colsample_bytree"": 0.9862528132298237, ""random_state"": 42, ""early_stopping_rounds"": 20, ""val_split_ratio"": 0.2, ""hpo_note"": ""Bayesian Optimization via Optuna (15 trials) minimizing Temporal Validation MAE""}",250,5,0.011615865989246453,0.9795542149013333,0.9862528132298237,latest/model_ml_weight.json,2026-07-05T19:02:57.786238+00:00
2026-07-06T19:03:25.179884+00:00,xgboost,20260706T190325Z,34519,39,"minute,day_of_week_num,is_weekend,hour_sin,hour_cos,direction_encoded,hour_encoded,hour_of_day,is_peak_hour,is_monsoon,month,actual_eta_min_lag1,actual_eta_min_lag2,actual_eta_min_lag3,rain_lag_1,rain_lag_2,temperature,rain_mm,humidity,wind_speed,visibility_km,pm2_5,pm10,co_level,no2_level,aqi,rain_accumulation_3h,wmo_rain_category,visibility_penalty,emission_congestion_cross_lag1,weather_condition_encoded,mrt_status,mrt_headway,distance_km,is_anomaly_lag1,osrm_divergence_lag1,rain_x_peak_hour,is_holiday,is_extreme_weather",27615,6904,0.8,0.1761766618128219,0.05184245422988502,0.31366403352768285,0.0853038366740857,4.512515985620542,2.001707396337177,4.159033906971699,1.6315960608377351,0.1729344237845855,0.17925267434828845,5,0.15954290694599219,0.2714187155912703,4.013067792530783,3.8606785137521915,0.9561261678155089,0.15388444344397215,0.16466066765388082,0.26228165009321214,0.2800475046593521,1.0102350256182282,1.2920509434455127,28.140770361509986,22.372644579258534,84.21,78.99,4.7618805464296596e-05,0.2714187114140516,"{""North (Mirpur-11 to 10)"": 0.15521504548050846, ""South (Kazipara to 10)"": 0.16850748958612516, ""West (Mirpur-1 to 10)"": 0.15490819998558036}",Metrics include OSRM baseline comparisons for Paper Table 3,"{""n_estimators"": 150, ""max_depth"": 8, ""learning_rate"": 0.050819507910076195, ""subsample"": 0.8947013354028087, ""colsample_bytree"": 0.8790894015462052, ""random_state"": 42, ""early_stopping_rounds"": 20, ""val_split_ratio"": 0.2, ""hpo_note"": ""Bayesian Optimization via Optuna (15 trials) minimizing Temporal Validation MAE""}",150,8,0.050819507910076195,0.8947013354028087,0.8790894015462052,latest/model_ml_weight.json,2026-07-06T19:03:25.179911+00:00
2026-07-07T19:03:19.055932+00:00,xgboost,20260707T190319Z,34519,39,"minute,day_of_week_num,is_weekend,hour_sin,hour_cos,direction_encoded,hour_encoded,hour_of_day,is_peak_hour,is_monsoon,month,actual_eta_min_lag1,actual_eta_min_lag2,actual_eta_min_lag3,rain_lag_1,rain_lag_2,temperature,rain_mm,humidity,wind_speed,visibility_km,pm2_5,pm10,co_level,no2_level,aqi,rain_accumulation_3h,wmo_rain_category,visibility_penalty,emission_congestion_cross_lag1,weather_condition_encoded,mrt_status,mrt_headway,distance_km,is_anomaly_lag1,osrm_divergence_lag1,rain_x_peak_hour,is_holiday,is_extreme_weather",27615,6904,0.8,0.13800110054181886,0.037625440536348594,0.250549527154305,0.048606439730479706,3.529575293415997,1.397335498659759,3.340685982886808,1.256860350222123,0.13563871482850448,0.1402549994366243,5,0.1387785666552507,0.2325077580615866,3.2971499913487508,3.2680504259674876,0.9680123885723766,0.1341658699651306,0.14312457501484235,0.22405672491710504,0.24215157022053846,1.0166890217856277,1.295026138362629,28.15510121526773,22.443858139124284,86.35,82.05,0.017665798461036657,0.2318356683592051,"{""North (Mirpur-11 to 10)"": 0.1391713149565192, ""South (Kazipara to 10)"": 0.1426662090745816, ""West (Mirpur-1 to 10)"": 0.134500035357206}",Metrics include OSRM baseline comparisons for Paper Table 3,"{""n_estimators"": 200, ""max_depth"": 7, ""learning_rate"": 0.02463651263151023, ""subsample"": 0.6483885873847487, ""colsample_bytree"": 0.9381463779105413, ""random_state"": 42, ""early_stopping_rounds"": 20, ""val_split_ratio"": 0.2, ""hpo_note"": ""Bayesian Optimization via Optuna (15 trials) minimizing Temporal Validation MAE""}",200,7,0.02463651263151023,0.6483885873847487,0.9381463779105413,latest/model_ml_weight.json,2026-07-07T19:03:19.055956+00:00
2026-07-08T19:03:16.382812+00:00,xgboost,20260708T190316Z,34518,39,"minute,day_of_week_num,is_weekend,hour_sin,hour_cos,direction_encoded,hour_encoded,hour_of_day,is_peak_hour,is_monsoon,month,actual_eta_min_lag1,actual_eta_min_lag2,actual_eta_min_lag3,rain_lag_1,rain_lag_2,temperature,rain_mm,humidity,wind_speed,visibility_km,pm2_5,pm10,co_level,no2_level,aqi,rain_accumulation_3h,wmo_rain_category,visibility_penalty,emission_congestion_cross_lag1,weather_condition_encoded,mrt_status,mrt_headway,distance_km,is_anomaly_lag1,osrm_divergence_lag1,rain_x_peak_hour,is_holiday,is_extreme_weather",27614,6904,0.8,0.15438070001905532,0.03890842003088023,0.26741559975420687,0.05357137518835537,3.978502184556864,1.4996982800696117,3.7298806338373423,1.295516170671953,0.15178929368438002,0.15694646434417583,5,0.15701753004746533,0.2448373192929358,3.5953598768073767,3.5788653349296173,0.9638564956389096,0.152277112980016,0.16159324985766746,0.23595227003438932,0.2532222281479487,1.0156131547610212,1.2792645178798476,27.576736067249165,22.274040139453515,84.54,80.86,0.04295151850784918,0.24104041150068778,"{""East (Mirpur-14 to 10)"": 0.1628212455713239, ""North (Mirpur-11 to 10)"": 0.17268002214386133, ""South (Kazipara to 10)"": 0.14770082922086714, ""West (Mirpur-1 to 10)"": 0.1489317119075965}",Metrics include OSRM baseline comparisons for Paper Table 3,"{""n_estimators"": 150, ""max_depth"": 9, ""learning_rate"": 0.05426890018791102, ""subsample"": 0.6741038957536337, ""colsample_bytree"": 0.9984067957444853, ""random_state"": 42, ""early_stopping_rounds"": 20, ""val_split_ratio"": 0.2, ""hpo_note"": ""Bayesian Optimization via Optuna (15 trials) minimizing Temporal Validation MAE""}",150,9,0.05426890018791102,0.6741038957536337,0.9984067957444853,latest/model_ml_weight.json,2026-07-08T19:03:16.382834+00:00
2026-07-09T19:03:26.620432+00:00,xgboost,20260709T190326Z,34517,39,"minute,day_of_week_num,is_weekend,hour_sin,hour_cos,direction_encoded,hour_encoded,hour_of_day,is_peak_hour,is_monsoon,month,actual_eta_min_lag1,actual_eta_min_lag2,actual_eta_min_lag3,rain_lag_1,rain_lag_2,temperature,rain_mm,humidity,wind_speed,visibility_km,pm2_5,pm10,co_level,no2_level,aqi,rain_accumulation_3h,wmo_rain_category,visibility_penalty,emission_congestion_cross_lag1,weather_condition_encoded,mrt_status,mrt_headway,distance_km,is_anomaly_lag1,osrm_divergence_lag1,rain_x_peak_hour,is_holiday,is_extreme_weather",27613,6904,0.8,0.1682484499582495,0.036427629944730144,0.2777905267650283,0.05299545150316542,4.39157607508018,1.4458643983723674,4.115065945046168,1.2436626043751822,0.16579405982511766,0.17083184846374352,5,0.18952994571638274,0.2786518534958499,4.7644022958089876,4.596021583679855,0.954761626920963,0.18447742653459415,0.19423985742821617,0.27027670727412867,0.28678708998058133,1.0394226314595283,1.2981877298285591,27.926641383224336,22.695568855764385,81.77,78.54,0.0077065048750969275,0.2785452660507493,"{""East (Mirpur-14 to 10)"": 0.4900503730773922, ""North (Mirpur-11 to 10)"": 0.18351852170280789, ""South (Kazipara to 10)"": 0.19813505508174067, ""West (Mirpur-1 to 10)"": 0.18680914817558286}",Metrics include OSRM baseline comparisons for Paper Table 3,"{""n_estimators"": 200, ""max_depth"": 9, ""learning_rate"": 0.01588796799044576, ""subsample"": 0.671912918018831, ""colsample_bytree"": 0.945813972296388, ""random_state"": 42, ""early_stopping_rounds"": 20, ""val_split_ratio"": 0.2, ""hpo_note"": ""Bayesian Optimization via Optuna (15 trials) minimizing Temporal Validation MAE""}",200,9,0.01588796799044576,0.671912918018831,0.945813972296388,latest/model_ml_weight.json,2026-07-09T19:03:26.620454+00:00
2026-07-10T19:03:15.988743+00:00,xgboost,20260710T190315Z,34517,39,"minute,day_of_week_num,is_weekend,hour_sin,hour_cos,direction_encoded,hour_encoded,hour_of_day,is_peak_hour,is_monsoon,month,actual_eta_min_lag1,actual_eta_min_lag2,actual_eta_min_lag3,rain_lag_1,rain_lag_2,temperature,rain_mm,humidity,wind_speed,visibility_km,pm2_5,pm10,co_level,no2_level,aqi,rain_accumulation_3h,wmo_rain_category,visibility_penalty,emission_congestion_cross_lag1,weather_condition_encoded,mrt_status,mrt_headway,distance_km,is_anomaly_lag1,osrm_divergence_lag1,rain_x_peak_hour,is_holiday,is_extreme_weather",27613,6904,0.8,0.14617350500084264,0.029393235076970323,0.2550788320586524,0.04891258859488807,3.784291816378848,1.1405350343529377,3.5737222526297834,0.9471444183667742,0.1438809203226477,0.14880083235663902,5,0.13579897063079605,0.23939370515141714,3.1266891688674976,3.0436229224660685,0.9617849732953717,0.13139792120691526,0.14009939663355628,0.2283465718744613,0.2507807302092082,1.0028510684504655,1.2147169164280518,25.044404841330582,21.484710827440804,86.46,80.29,0.003415506844725015,0.23936933884505193,"{""East (Mirpur-14 to 10)"": 0.1300257423834496, ""North (Mirpur-11 to 10)"": 0.14845813691660376, ""South (Kazipara to 10)"": 0.1447873094881324, ""West (Mirpur-1 to 10)"": 0.12833925188274287}",Metrics include OSRM baseline comparisons for Paper Table 3,"{""n_estimators"": 250, ""max_depth"": 5, ""learning_rate"": 0.011615865989246453, ""subsample"": 0.9795542149013333, ""colsample_bytree"": 0.9862528132298237, ""random_state"": 42, ""early_stopping_rounds"": 20, ""val_split_ratio"": 0.2, ""hpo_note"": ""Bayesian Optimization via Optuna (15 trials) minimizing Temporal Validation MAE""}",250,5,0.011615865989246453,0.9795542149013333,0.9862528132298237,latest/model_ml_weight.json,2026-07-10T19:03:15.988765+00:00
2026-07-11T19:03:12.386780+00:00,xgboost,20260711T190312Z,34517,39,"minute,day_of_week_num,is_weekend,hour_sin,hour_cos,direction_encoded,hour_encoded,hour_of_day,is_peak_hour,is_monsoon,month,actual_eta_min_lag1,actual_eta_min_lag2,actual_eta_min_lag3,rain_lag_1,rain_lag_2,temperature,rain_mm,humidity,wind_speed,visibility_km,pm2_5,pm10,co_level,no2_level,aqi,rain_accumulation_3h,wmo_rain_category,visibility_penalty,emission_congestion_cross_lag1,weather_condition_encoded,mrt_status,mrt_headway,distance_km,is_anomaly_lag1,osrm_divergence_lag1,rain_x_peak_hour,is_holiday,is_extreme_weather",27613,6904,0.8,0.16330414552018774,0.02433917484463864,0.27883955861033305,0.03445820030723302,4.13645153806443,1.1970102388744446,3.9123783298542407,1.0103139899405984,0.16056986452825212,0.16617273378159142,5,0.15396275924227332,0.2678826293311917,3.4899079788595175,3.4200297883565822,0.9590150001447195,0.14881631318062785,0.1592325154311549,0.2560687382651985,0.28044377256116226,1.0954908183920984,1.3156540872258364,27.466789091142314,23.194395098047803,85.95,79.64,0.037512038356321296,0.26524319044180295,"{""East (Mirpur-14 to 10)"": 0.14509914573245333, ""North (Mirpur-11 to 10)"": 0.16475396462592526, ""South (Kazipara to 10)"": 0.14713557861438697, ""West (Mirpur-1 to 10)"": 0.15886693864456825}",Metrics include OSRM baseline comparisons for Paper Table 3,"{""n_estimators"": 150, ""max_depth"": 7, ""learning_rate"": 0.02463292074522609, ""subsample"": 0.655525135021035, ""colsample_bytree"": 0.9444741271381094, ""random_state"": 42, ""early_stopping_rounds"": 20, ""val_split_ratio"": 0.2, ""hpo_note"": ""Bayesian Optimization via Optuna (15 trials) minimizing Temporal Validation MAE""}",150,7,0.02463292074522609,0.655525135021035,0.9444741271381094,latest/model_ml_weight.json,2026-07-11T19:03:12.386803+00:00
2026-07-12T19:03:24.076328+00:00,xgboost,20260712T190324Z,34517,39,"minute,day_of_week_num,is_weekend,hour_sin,hour_cos,direction_encoded,hour_encoded,hour_of_day,is_peak_hour,is_monsoon,month,actual_eta_min_lag1,actual_eta_min_lag2,actual_eta_min_lag3,rain_lag_1,rain_lag_2,temperature,rain_mm,humidity,wind_speed,visibility_km,pm2_5,pm10,co_level,no2_level,aqi,rain_accumulation_3h,wmo_rain_category,visibility_penalty,emission_congestion_cross_lag1,weather_condition_encoded,mrt_status,mrt_headway,distance_km,is_anomaly_lag1,osrm_divergence_lag1,rain_x_peak_hour,is_holiday,is_extreme_weather",27613,6904,0.8,0.16082207758022118,0.022324971208308887,0.27158281886174646,0.03860870911237513,3.9941234452350742,0.7647909305434385,3.808734570282572,0.6464379297058267,0.15835376181716052,0.1634188855691024,5,0.1582330405926235,0.28434666333169284,3.5529160293761013,3.4659583191985672,0.9523633773008512,0.15288257187197413,0.16358997198549094,0.26896926881284067,0.29866965316638466,1.0998891650073108,1.2995578427685306,26.79507527591058,23.103879280776155,85.61,78.12,0.04479181205894828,0.28079657854101947,"{""East (Mirpur-14 to 10)"": 0.13459497324772907, ""North (Mirpur-11 to 10)"": 0.20055990655871403, ""South (Kazipara to 10)"": 0.14512655372619632, ""West (Mirpur-1 to 10)"": 0.15268456830409616}",Metrics include OSRM baseline comparisons for Paper Table 3,"{""n_estimators"": 150, ""max_depth"": 8, ""learning_rate"": 0.04497071059583655, ""subsample"": 0.6793676988803263, ""colsample_bytree"": 0.9442331958117492, ""random_state"": 42, ""early_stopping_rounds"": 20, ""val_split_ratio"": 0.2, ""hpo_note"": ""Bayesian Optimization via Optuna (15 trials) minimizing Temporal Validation MAE""}",150,8,0.04497071059583655,0.6793676988803263,0.9442331958117492,latest/model_ml_weight.json,2026-07-12T19:03:24.076351+00:00
2026-07-13T19:03:26.768562+00:00,xgboost,20260713T190326Z,34518,39,"minute,day_of_week_num,is_weekend,hour_sin,hour_cos,direction_encoded,hour_encoded,hour_of_day,is_peak_hour,is_monsoon,month,actual_eta_min_lag1,actual_eta_min_lag2,actual_eta_min_lag3,rain_lag_1,rain_lag_2,temperature,rain_mm,humidity,wind_speed,visibility_km,pm2_5,pm10,co_level,no2_level,aqi,rain_accumulation_3h,wmo_rain_category,visibility_penalty,emission_congestion_cross_lag1,weather_condition_encoded,mrt_status,mrt_headway,distance_km,is_anomaly_lag1,osrm_divergence_lag1,rain_x_peak_hour,is_holiday,is_extreme_weather",27614,6904,0.8,0.1443558447367209,0.03267552361579633,0.2467309976890776,0.056550182809790475,3.7937571083929797,1.3242025160307203,3.587705153588028,1.0830632675163852,0.14180401933440623,0.1465939303974763,5,0.1366946615860609,0.23888930648792123,3.276389474860212,3.1732306263815473,0.9639545103393651,0.13236985664344195,0.14097052645348318,0.22588413281622452,0.25168363464866306,1.0503447631145177,1.2559776814131645,26.344122285190576,22.57821773640972,86.99,80.98,0.0058860481310277595,0.23881678163747036,"{""East (Mirpur-14 to 10)"": 0.12869981976887446, ""North (Mirpur-11 to 10)"": 0.1477735264954429, ""South (Kazipara to 10)"": 0.14350673049201232, ""West (Mirpur-1 to 10)"": 0.13204153115170997}",Metrics include OSRM baseline comparisons for Paper Table 3,"{""n_estimators"": 250, ""max_depth"": 5, ""learning_rate"": 0.011615865989246453, ""subsample"": 0.9795542149013333, ""colsample_bytree"": 0.9862528132298237, ""random_state"": 42, ""early_stopping_rounds"": 20, ""val_split_ratio"": 0.2, ""hpo_note"": ""Bayesian Optimization via Optuna (15 trials) minimizing Temporal Validation MAE""}",250,5,0.011615865989246453,0.9795542149013333,0.9862528132298237,latest/model_ml_weight.json,2026-07-13T19:03:26.768583+00:00
2026-07-14T19:03:08.476341+00:00,xgboost,20260714T190308Z,34518,39,"minute,day_of_week_num,is_weekend,hour_sin,hour_cos,direction_encoded,hour_encoded,hour_of_day,is_peak_hour,is_monsoon,month,actual_eta_min_lag1,actual_eta_min_lag2,actual_eta_min_lag3,rain_lag_1,rain_lag_2,temperature,rain_mm,humidity,wind_speed,visibility_km,pm2_5,pm10,co_level,no2_level,aqi,rain_accumulation_3h,wmo_rain_category,visibility_penalty,emission_congestion_cross_lag1,weather_condition_encoded,mrt_status,mrt_headway,distance_km,is_anomaly_lag1,osrm_divergence_lag1,rain_x_peak_hour,is_holiday,is_extreme_weather",27614,6904,0.8,0.1842564930082839,0.03743718420616349,0.3173543790588334,0.06352844652181705,4.962587803390252,1.4390975699715414,4.5787514920611,1.1139904250261798,0.1814229807408358,0.18720468461431047,5,0.1908813136146077,0.3305379513850266,4.431149858088881,4.260274794534065,0.9352325788729468,0.1841413731371265,0.19723986305004615,0.3152890882318518,0.3442143269864115,1.124247941429843,1.3114228271910626,26.580714336065007,23.410296180270226,83.02,74.8,0.036664161284304164,0.32849821397250967,"{""East (Mirpur-14 to 10)"": 0.1895240039295621, ""North (Mirpur-11 to 10)"": 0.21874425158491725, ""South (Kazipara to 10)"": 0.18415861026032454, ""West (Mirpur-1 to 10)"": 0.17009434714306157}",Metrics include OSRM baseline comparisons for Paper Table 3,"{""n_estimators"": 200, ""max_depth"": 8, ""learning_rate"": 0.01743565606179035, ""subsample"": 0.9880903546328358, ""colsample_bytree"": 0.9990713944930611, ""random_state"": 42, ""early_stopping_rounds"": 20, ""val_split_ratio"": 0.2, ""hpo_note"": ""Bayesian Optimization via Optuna (15 trials) minimizing Temporal Validation MAE""}",200,8,0.01743565606179035,0.9880903546328358,0.9990713944930611,latest/model_ml_weight.json,2026-07-14T19:03:08.476362+00:00
2026-07-15T19:03:08.892467+00:00,xgboost,20260715T190308Z,34518,39,"minute,day_of_week_num,is_weekend,hour_sin,hour_cos,direction_encoded,hour_encoded,hour_of_day,is_peak_hour,is_monsoon,month,actual_eta_min_lag1,actual_eta_min_lag2,actual_eta_min_lag3,rain_lag_1,rain_lag_2,temperature,rain_mm,humidity,wind_speed,visibility_km,pm2_5,pm10,co_level,no2_level,aqi,rain_accumulation_3h,wmo_rain_category,visibility_penalty,emission_congestion_cross_lag1,weather_condition_encoded,mrt_status,mrt_headway,distance_km,is_anomaly_lag1,osrm_divergence_lag1,rain_x_peak_hour,is_holiday,is_extreme_weather",27614,6904,0.8,0.17220146896187255,0.030395709704205943,0.3027052095550373,0.051515301222990355,4.578718933306258,1.2444595313569426,4.269964883468883,0.9673551316125781,0.16915945747224803,0.175157810176055,5,0.17954530359972115,0.3145993856137034,4.110032588923496,3.970880378186554,0.9393839590380403,0.17349439147356488,0.18560916697122543,0.2989333753646838,0.32951080274338385,1.0697470486334932,1.274030982301752,25.513327456051567,22.28051685235945,83.22,75.31,0.02983133421435969,0.31318184003468463,"{""East (Mirpur-14 to 10)"": 0.19450465119074253, ""North (Mirpur-11 to 10)"": 0.19763064563386212, ""South (Kazipara to 10)"": 0.17219063777181387, ""West (Mirpur-1 to 10)"": 0.16530176346307618}",Metrics include OSRM baseline comparisons for Paper Table 3,"{""n_estimators"": 150, ""max_depth"": 8, ""learning_rate"": 0.027345512476766656, ""subsample"": 0.9960557296190305, ""colsample_bytree"": 0.9528431811056891, ""random_state"": 42, ""early_stopping_rounds"": 20, ""val_split_ratio"": 0.2, ""hpo_note"": ""Bayesian Optimization via Optuna (15 trials) minimizing Temporal Validation MAE""}",150,8,0.027345512476766656,0.9960557296190305,0.9528431811056891,latest/model_ml_weight.json,2026-07-15T19:03:08.892489+00:00
2026-07-16T19:03:28.494319+00:00,xgboost,20260716T190328Z,34518,39,"minute,day_of_week_num,is_weekend,hour_sin,hour_cos,direction_encoded,hour_encoded,hour_of_day,is_peak_hour,is_monsoon,month,actual_eta_min_lag1,actual_eta_min_lag2,actual_eta_min_lag3,rain_lag_1,rain_lag_2,temperature,rain_mm,humidity,wind_speed,visibility_km,pm2_5,pm10,co_level,no2_level,aqi,rain_accumulation_3h,wmo_rain_category,visibility_penalty,emission_congestion_cross_lag1,weather_condition_encoded,mrt_status,mrt_headway,distance_km,is_anomaly_lag1,osrm_divergence_lag1,rain_x_peak_hour,is_holiday,is_extreme_weather",27614,6904,0.8,0.15848287591349036,0.0313146023498197,0.26551713993172016,0.04456981806217144,3.9460346667738144,1.2755612728408394,3.7618608676638674,1.0792971757362306,0.1560922817773743,0.16093961175172697,5,0.1643699475138654,0.278165308847206,3.6722145147499203,3.584968598788513,0.9490457222110766,0.1590373747127081,0.1694467869367826,0.2650342308902048,0.2921363194300718,0.9969429179945437,1.2211251486941133,24.502843968254055,21.225220097765014,83.51,77.22,0.0018119588331993862,0.2781594072672149,"{""East (Mirpur-14 to 10)"": 0.14404753828407227, ""North (Mirpur-11 to 10)"": 0.18949543364962237, ""South (Kazipara to 10)"": 0.1531959059903614, ""West (Mirpur-1 to 10)"": 0.1691677205361}",Metrics include OSRM baseline comparisons for Paper Table 3,"{""n_estimators"": 200, ""max_depth"": 8, ""learning_rate"": 0.019313203137083214, ""subsample"": 0.9276758547202717, ""colsample_bytree"": 0.9976012546502465, ""random_state"": 42, ""early_stopping_rounds"": 20, ""val_split_ratio"": 0.2, ""hpo_note"": ""Bayesian Optimization via Optuna (15 trials) minimizing Temporal Validation MAE""}",200,8,0.019313203137083214,0.9276758547202717,0.9976012546502465,latest/model_ml_weight.json,2026-07-16T19:03:28.494340+00:00
2026-07-17T19:03:03.840909+00:00,xgboost,20260717T190303Z,34518,39,"minute,day_of_week_num,is_weekend,hour_sin,hour_cos,direction_encoded,hour_encoded,hour_of_day,is_peak_hour,is_monsoon,month,actual_eta_min_lag1,actual_eta_min_lag2,actual_eta_min_lag3,rain_lag_1,rain_lag_2,temperature,rain_mm,humidity,wind_speed,visibility_km,pm2_5,pm10,co_level,no2_level,aqi,rain_accumulation_3h,wmo_rain_category,visibility_penalty,emission_congestion_cross_lag1,weather_condition_encoded,mrt_status,mrt_headway,distance_km,is_anomaly_lag1,osrm_divergence_lag1,rain_x_peak_hour,is_holiday,is_extreme_weather",27614,6904,0.8,0.1483501396086368,0.025364085233098566,0.2539234471145277,0.03556160081968189,3.573033121174612,0.821818433325387,3.4545568750738482,0.7442088111460166,0.14578476529586384,0.15089691998316232,5,0.17726669026001304,0.29534391408353877,4.2504686925142225,4.111730171810943,0.9433891521735341,0.17190487215282052,0.182620472136095,0.28206860244250237,0.30931704725375236,1.0079094102870787,1.2463800880344615,27.2444501399685,22.58438580283661,82.41,76.3,-0.020644311331652815,0.2946215199129665,"{""East (Mirpur-14 to 10)"": 0.19387191675771254, ""North (Mirpur-11 to 10)"": 0.21546770978489993, ""South (Kazipara to 10)"": 0.17072274886310773, ""West (Mirpur-1 to 10)"": 0.1610727784357952}",Metrics include OSRM baseline comparisons for Paper Table 3,"{""n_estimators"": 150, ""max_depth"": 9, ""learning_rate"": 0.04522838080320725, ""subsample"": 0.6773303953801035, ""colsample_bytree"": 0.9384902111352119, ""random_state"": 42, ""early_stopping_rounds"": 20, ""val_split_ratio"": 0.2, ""hpo_note"": ""Bayesian Optimization via Optuna (15 trials) minimizing Temporal Validation MAE""}",150,9,0.04522838080320725,0.6773303953801035,0.9384902111352119,latest/model_ml_weight.json,2026-07-17T19:03:03.840933+00:00
2026-07-18T19:03:04.458810+00:00,xgboost,20260718T190304Z,34518,39,"minute,day_of_week_num,is_weekend,hour_sin,hour_cos,direction_encoded,hour_encoded,hour_of_day,is_peak_hour,is_monsoon,month,actual_eta_min_lag1,actual_eta_min_lag2,actual_eta_min_lag3,rain_lag_1,rain_lag_2,temperature,rain_mm,humidity,wind_speed,visibility_km,pm2_5,pm10,co_level,no2_level,aqi,rain_accumulation_3h,wmo_rain_category,visibility_penalty,emission_congestion_cross_lag1,weather_condition_encoded,mrt_status,mrt_headway,distance_km,is_anomaly_lag1,osrm_divergence_lag1,rain_x_peak_hour,is_holiday,is_extreme_weather",27614,6904,0.8,0.14844377959758825,0.015118027976569403,0.26157885965300115,0.025917557095221984,3.5292799423404007,0.3499144172399214,3.439893496716715,0.3353565022371114,0.14580814052398533,0.1509884077941524,5,0.15535414999771782,0.25855886653545285,3.571719041403715,3.5271189538311805,0.9500592509197467,0.15039618900439003,0.16008174282664633,0.2473912138032145,0.26943420937546625,0.8966769177242871,1.1595954214488793,23.827429937329985,19.73068666560587,82.67,77.7,-0.019178340005432597,0.2578466186296306,"{""East (Mirpur-14 to 10)"": 0.14123320503279066, ""North (Mirpur-11 to 10)"": 0.1689055450214019, ""South (Kazipara to 10)"": 0.14107808195425764, ""West (Mirpur-1 to 10)"": 0.17019976798242104}",Metrics include OSRM baseline comparisons for Paper Table 3,"{""n_estimators"": 250, ""max_depth"": 6, ""learning_rate"": 0.020631520339217967, ""subsample"": 0.9890480804024913, ""colsample_bytree"": 0.9926743653872055, ""random_state"": 42, ""early_stopping_rounds"": 20, ""val_split_ratio"": 0.2, ""hpo_note"": ""Bayesian Optimization via Optuna (15 trials) minimizing Temporal Validation MAE""}",250,6,0.020631520339217967,0.9890480804024913,0.9926743653872055,latest/model_ml_weight.json,2026-07-18T19:03:04.458835+00:00
2026-07-19T19:03:15.572129+00:00,xgboost,20260719T190315Z,34518,39,"minute,day_of_week_num,is_weekend,hour_sin,hour_cos,direction_encoded,hour_encoded,hour_of_day,is_peak_hour,is_monsoon,month,actual_eta_min_lag1,actual_eta_min_lag2,actual_eta_min_lag3,rain_lag_1,rain_lag_2,temperature,rain_mm,humidity,wind_speed,visibility_km,pm2_5,pm10,co_level,no2_level,aqi,rain_accumulation_3h,wmo_rain_category,visibility_penalty,emission_congestion_cross_lag1,weather_condition_encoded,mrt_status,mrt_headway,distance_km,is_anomaly_lag1,osrm_divergence_lag1,rain_x_peak_hour,is_holiday,is_extreme_weather",27614,6904,0.8,0.158066928597962,0.026830195043481695,0.27421035955335193,0.04149171766540814,3.757466749674486,0.6446672103517417,3.609790914148378,0.5925165354362423,0.15564117566511443,0.1607952528641822,5,0.17424281292691018,0.2853571250954416,3.9629348414078898,3.869089847420013,0.9379963493130308,0.16889758818713152,0.17966946614013068,0.2748574883917346,0.2964154321671103,0.8764985797371967,1.1408583348069254,22.968750010774542,19.1703022381383,80.12,74.99,-0.034985645065992756,0.2832043316795347,"{""East (Mirpur-14 to 10)"": 0.15561326212882992, ""North (Mirpur-11 to 10)"": 0.17967152812132023, ""South (Kazipara to 10)"": 0.15954334350136237, ""West (Mirpur-1 to 10)"": 0.192979802319674}",Metrics include OSRM baseline comparisons for Paper Table 3,"{""n_estimators"": 200, ""max_depth"": 8, ""learning_rate"": 0.019313203137083214, ""subsample"": 0.9276758547202717, ""colsample_bytree"": 0.9976012546502465, ""random_state"": 42, ""early_stopping_rounds"": 20, ""val_split_ratio"": 0.2, ""hpo_note"": ""Bayesian Optimization via Optuna (15 trials) minimizing Temporal Validation MAE""}",200,8,0.019313203137083214,0.9276758547202717,0.9976012546502465,latest/model_ml_weight.json,2026-07-19T19:03:15.572154+00:00
2026-07-20T19:03:02.110896+00:00,xgboost,20260720T190302Z,34519,39,"minute,day_of_week_num,is_weekend,hour_sin,hour_cos,direction_encoded,hour_encoded,hour_of_day,is_peak_hour,is_monsoon,month,actual_eta_min_lag1,actual_eta_min_lag2,actual_eta_min_lag3,rain_lag_1,rain_lag_2,temperature,rain_mm,humidity,wind_speed,visibility_km,pm2_5,pm10,co_level,no2_level,aqi,rain_accumulation_3h,wmo_rain_category,visibility_penalty,emission_congestion_cross_lag1,weather_condition_encoded,mrt_status,mrt_headway,distance_km,is_anomaly_lag1,osrm_divergence_lag1,rain_x_peak_hour,is_holiday,is_extreme_weather",27615,6904,0.8,0.14679459570644837,0.019006875430505176,0.24768150486373966,0.03259032520625575,3.5597033691482216,0.3678584652279182,3.4619633540378714,0.3428183026490825,0.1445488604962422,0.14909903837123917,5,0.15631861035544795,0.26570979574854936,3.703611928092792,3.6097686249857985,0.9489833297028579,0.15116176850871027,0.1616709483100807,0.2537097068848426,0.27833368810480386,0.897573209286026,1.1820258102962833,24.571351563629047,19.9717338985627,82.58,77.52,-0.02424939737397301,0.2646009491361189,"{""North (Mirpur-11 to 10)"": 0.1569724409003094, ""South (Kazipara to 10)"": 0.13705824321894372, ""West (Mirpur-1 to 10)"": 0.17491706417706818}",Metrics include OSRM baseline comparisons for Paper Table 3,"{""n_estimators"": 250, ""max_depth"": 5, ""learning_rate"": 0.011615865989246453, ""subsample"": 0.9795542149013333, ""colsample_bytree"": 0.9862528132298237, ""random_state"": 42, ""early_stopping_rounds"": 20, ""val_split_ratio"": 0.2, ""hpo_note"": ""Bayesian Optimization via Optuna (15 trials) minimizing Temporal Validation MAE""}",250,5,0.011615865989246453,0.9795542149013333,0.9862528132298237,latest/model_ml_weight.json,2026-07-20T19:03:02.110918+00:00
2026-07-21T19:02:51.688129+00:00,xgboost,20260721T190251Z,34517,39,"minute,day_of_week_num,is_weekend,hour_sin,hour_cos,direction_encoded,hour_encoded,hour_of_day,is_peak_hour,is_monsoon,month,actual_eta_min_lag1,actual_eta_min_lag2,actual_eta_min_lag3,rain_lag_1,rain_lag_2,temperature,rain_mm,humidity,wind_speed,visibility_km,pm2_5,pm10,co_level,no2_level,aqi,rain_accumulation_3h,wmo_rain_category,visibility_penalty,emission_congestion_cross_lag1,weather_condition_encoded,mrt_status,mrt_headway,distance_km,is_anomaly_lag1,osrm_divergence_lag1,rain_x_peak_hour,is_holiday,is_extreme_weather",27613,6904,0.8,0.16836889629271168,0.029659732504223456,0.2814574904761312,0.04069770565865393,3.9381265501793576,0.6684699881928188,3.8177505438581023,0.6590547138534988,0.16567236766299553,0.17096459718513224,5,0.17769015192571133,0.29439872183019944,4.220178773567238,4.071486764531261,0.9345439011403651,0.1721809048029321,0.1834484381673648,0.2834666487574693,0.30597707568044874,0.8725680927021727,1.1595831762031876,24.05594492670343,19.518840889832813,79.64,74.61,-0.055927388875260706,0.28903760064886114,"{""North (Mirpur-11 to 10)"": 0.17811366448035607, ""South (Kazipara to 10)"": 0.15791097813332003, ""West (Mirpur-1 to 10)"": 0.19705440906688787}",Metrics include OSRM baseline comparisons for Paper Table 3,"{""n_estimators"": 200, ""max_depth"": 8, ""learning_rate"": 0.017921317272086623, ""subsample"": 0.9820579316166452, ""colsample_bytree"": 0.9935584941681304, ""random_state"": 42, ""early_stopping_rounds"": 20, ""val_split_ratio"": 0.2, ""hpo_note"": ""Bayesian Optimization via Optuna (15 trials) minimizing Temporal Validation MAE""}",200,8,0.017921317272086623,0.9820579316166452,0.9935584941681304,latest/model_ml_weight.json,2026-07-21T19:02:51.688152+00:00
2026-07-22T19:03:28.669449+00:00,xgboost,20260722T190328Z,34517,39,"minute,day_of_week_num,is_weekend,hour_sin,hour_cos,direction_encoded,hour_encoded,hour_of_day,is_peak_hour,is_monsoon,month,actual_eta_min_lag1,actual_eta_min_lag2,actual_eta_min_lag3,rain_lag_1,rain_lag_2,temperature,rain_mm,humidity,wind_speed,visibility_km,pm2_5,pm10,co_level,no2_level,aqi,rain_accumulation_3h,wmo_rain_category,visibility_penalty,emission_congestion_cross_lag1,weather_condition_encoded,mrt_status,mrt_headway,distance_km,is_anomaly_lag1,osrm_divergence_lag1,rain_x_peak_hour,is_holiday,is_extreme_weather",27613,6904,0.8,0.1776063219313827,0.01674403253635108,0.29563750794867816,0.014910641761837101,4.2056169697718735,0.24715382013406526,4.042470272651369,0.26709201372406044,0.17476160104917218,0.18044549085478792,5,0.17026724378866503,0.2899343673379201,4.071113521106008,3.959430484955441,0.9326586817887408,0.1644141816412933,0.1758071079527655,0.2784757949454177,0.30129110117287927,0.8391814121406097,1.1351911615453245,23.505948243648376,18.907704217261916,79.71,74.46,-0.049858319278664,0.2856152750858168,"{""North (Mirpur-11 to 10)"": 0.16143375368959642, ""South (Kazipara to 10)"": 0.15820727729051653, ""West (Mirpur-1 to 10)"": 0.19116594157080088}",Metrics include OSRM baseline comparisons for Paper Table 3,"{""n_estimators"": 200, ""max_depth"": 8, ""learning_rate"": 0.017921317272086627, ""subsample"": 0.9820579316166452, ""colsample_bytree"": 0.9935584941681304, ""random_state"": 42, ""early_stopping_rounds"": 20, ""val_split_ratio"": 0.2, ""hpo_note"": ""Bayesian Optimization via Optuna (15 trials) minimizing Temporal Validation MAE""}",200,8,0.017921317272086627,0.9820579316166452,0.9935584941681304,latest/model_ml_weight.json,2026-07-22T19:03:28.669472+00:00
2026-07-23T19:02:49.686780+00:00,xgboost,20260723T190249Z,34529,39,"minute,day_of_week_num,is_weekend,hour_sin,hour_cos,direction_encoded,hour_encoded,hour_of_day,is_peak_hour,is_monsoon,month,actual_eta_min_lag1,actual_eta_min_lag2,actual_eta_min_lag3,rain_lag_1,rain_lag_2,temperature,rain_mm,humidity,wind_speed,visibility_km,pm2_5,pm10,co_level,no2_level,aqi,rain_accumulation_3h,wmo_rain_category,visibility_penalty,emission_congestion_cross_lag1,weather_condition_encoded,mrt_status,mrt_headway,distance_km,is_anomaly_lag1,osrm_divergence_lag1,rain_x_peak_hour,is_holiday,is_extreme_weather",27623,6906,0.8,0.15120755385523837,0.020942198335479775,0.2636136567115387,0.03153751088654487,3.44275899057279,0.44734112705656426,3.3612844495923353,0.43562692153726423,0.14863368575874203,0.1535702036524631,5,0.15533508894031306,0.2683737562417518,3.4535931801598885,3.3724792974518456,0.9420295240282306,0.15052946561410951,0.16073265139034024,0.2570864338739398,0.27992719726722026,0.8456311680075567,1.1094886451773736,22.619174834904847,18.76618920983205,81.63,75.81,-0.05339337401413552,0.263008784360321,"{""East (Mirpur-14 to 10)"": 0.1417835776312468, ""North (Mirpur-11 to 10)"": 0.14931028739166624, ""South (Kazipara to 10)"": 0.1293983724503811, ""West (Mirpur-1 to 10)"": 0.1913990013637023}",Metrics include OSRM baseline comparisons for Paper Table 3,"{""n_estimators"": 150, ""max_depth"": 7, ""learning_rate"": 0.04680361108559667, ""subsample"": 0.7848459033604512, ""colsample_bytree"": 0.9984067957444853, ""random_state"": 42, ""early_stopping_rounds"": 20, ""val_split_ratio"": 0.2, ""hpo_note"": ""Bayesian Optimization via Optuna (15 trials) minimizing Temporal Validation MAE""}",150,7,0.04680361108559667,0.7848459033604512,0.9984067957444853,latest/model_ml_weight.json,2026-07-23T19:02:49.686804+00:00
2026-07-24T19:02:47.369733+00:00,xgboost,20260724T190247Z,34524,39,"minute,day_of_week_num,is_weekend,hour_sin,hour_cos,direction_encoded,hour_encoded,hour_of_day,is_peak_hour,is_monsoon,month,actual_eta_min_lag1,actual_eta_min_lag2,actual_eta_min_lag3,rain_lag_1,rain_lag_2,temperature,rain_mm,humidity,wind_speed,visibility_km,pm2_5,pm10,co_level,no2_level,aqi,rain_accumulation_3h,wmo_rain_category,visibility_penalty,emission_congestion_cross_lag1,weather_condition_encoded,mrt_status,mrt_headway,distance_km,is_anomaly_lag1,osrm_divergence_lag1,rain_x_peak_hour,is_holiday,is_extreme_weather",27619,6905,0.8,0.13884398808113024,0.01478309429646507,0.24577203068282144,0.027161904954367617,3.2586050514110676,0.4323515817045163,3.178991628840909,0.39830188064598865,0.1366922104293205,0.1412003981464308,5,0.12414467219077185,0.22887289485024745,2.648951117068955,2.607888338461378,0.9578345482218565,0.11946520057059473,0.12892771614821902,0.21800523227982127,0.23997193170035594,0.8571135873328003,1.0992204593600339,22.19338307185784,18.834547011365128,85.52,79.18,-0.037319825081959926,0.22580972665716667,"{""East (Mirpur-14 to 10)"": 0.12152486755287109, ""North (Mirpur-11 to 10)"": 0.12809904506281106, ""South (Kazipara to 10)"": 0.10469096358828829, ""West (Mirpur-1 to 10)"": 0.14227508353744983}",Metrics include OSRM baseline comparisons for Paper Table 3,"{""n_estimators"": 300, ""max_depth"": 5, ""learning_rate"": 0.022019086029334355, ""subsample"": 0.9954713046155148, ""colsample_bytree"": 0.8440498243366161, ""random_state"": 42, ""early_stopping_rounds"": 20, ""val_split_ratio"": 0.2, ""hpo_note"": ""Bayesian Optimization via Optuna (15 trials) minimizing Temporal Validation MAE""}",300,5,0.022019086029334355,0.9954713046155148,0.8440498243366161,latest/model_ml_weight.json,2026-07-24T19:02:47.369756+00:00
2026-07-25T19:03:07.365906+00:00,xgboost,20260725T190307Z,34525,39,"minute,day_of_week_num,is_weekend,hour_sin,hour_cos,direction_encoded,hour_encoded,hour_of_day,is_peak_hour,is_monsoon,month,actual_eta_min_lag1,actual_eta_min_lag2,actual_eta_min_lag3,rain_lag_1,rain_lag_2,temperature,rain_mm,humidity,wind_speed,visibility_km,pm2_5,pm10,co_level,no2_level,aqi,rain_accumulation_3h,wmo_rain_category,visibility_penalty,emission_congestion_cross_lag1,weather_condition_encoded,mrt_status,mrt_headway,distance_km,is_anomaly_lag1,osrm_divergence_lag1,rain_x_peak_hour,is_holiday,is_extreme_weather",27620,6905,0.8,0.1662694401023369,0.026136720519837068,0.27406043764099824,0.039952782601242985,3.7853806998937323,0.6794313200180838,3.6849289488314114,0.6225403803574139,0.1637900323005364,0.16869145817068829,5,0.145302292020661,0.24747231574838224,3.222319936712371,3.1351098176421774,0.9496730657927488,0.14043753171305481,0.150075428666005,0.23744746479266507,0.25722277779088365,0.8525116075004375,1.0819580393914952,21.803882711548265,18.654252478445706,82.96,77.13,-0.06391285010440724,0.2390767547324469,"{""East (Mirpur-14 to 10)"": 0.13952051262175913, ""North (Mirpur-11 to 10)"": 0.1383331115386715, ""South (Kazipara to 10)"": 0.1209514354789747, ""West (Mirpur-1 to 10)"": 0.18241821670311212}",Metrics include OSRM baseline comparisons for Paper Table 3,"{""n_estimators"": 200, ""max_depth"": 8, ""learning_rate"": 0.01743565606179035, ""subsample"": 0.9880903546328358, ""colsample_bytree"": 0.9990713944930611, ""random_state"": 42, ""early_stopping_rounds"": 20, ""val_split_ratio"": 0.2, ""hpo_note"": ""Bayesian Optimization via Optuna (15 trials) minimizing Temporal Validation MAE""}",200,8,0.01743565606179035,0.9880903546328358,0.9990713944930611,latest/model_ml_weight.json,2026-07-25T19:03:07.365929+00:00
2026-07-26T19:02:50.035041+00:00,xgboost,20260726T190250Z,34525,39,"minute,day_of_week_num,is_weekend,hour_sin,hour_cos,direction_encoded,hour_encoded,hour_of_day,is_peak_hour,is_monsoon,month,actual_eta_min_lag1,actual_eta_min_lag2,actual_eta_min_lag3,rain_lag_1,rain_lag_2,temperature,rain_mm,humidity,wind_speed,visibility_km,pm2_5,pm10,co_level,no2_level,aqi,rain_accumulation_3h,wmo_rain_category,visibility_penalty,emission_congestion_cross_lag1,weather_condition_encoded,mrt_status,mrt_headway,distance_km,is_anomaly_lag1,osrm_divergence_lag1,rain_x_peak_hour,is_holiday,is_extreme_weather",27620,6905,0.8,0.1733287444185954,0.03027335139606913,0.2871093036317203,0.03972879127530318,3.998114244708114,0.8409087424682625,3.88097890062451,0.7763413801668331,0.17073247125989907,0.17587627013799506,5,0.13250365558074576,0.24072878328436212,2.9478681845821244,2.875032427763528,0.9537200189006292,0.12772377363363094,0.13729193955579588,0.2281308345528687,0.251405543776255,0.8787695459679467,1.0922293003099899,21.91982231910167,19.064339916630207,84.92,77.96,-0.038341996061033654,0.2376557140899942,"{""East (Mirpur-14 to 10)"": 0.11881098772669997, ""North (Mirpur-11 to 10)"": 0.1366142682377184, ""South (Kazipara to 10)"": 0.12255174208322428, ""West (Mirpur-1 to 10)"": 0.15204339015801566}",Metrics include OSRM baseline comparisons for Paper Table 3,"{""n_estimators"": 200, ""max_depth"": 8, ""learning_rate"": 0.017921317272086623, ""subsample"": 0.9820579316166452, ""colsample_bytree"": 0.9935584941681304, ""random_state"": 42, ""early_stopping_rounds"": 20, ""val_split_ratio"": 0.2, ""hpo_note"": ""Bayesian Optimization via Optuna (15 trials) minimizing Temporal Validation MAE""}",200,8,0.017921317272086623,0.9820579316166452,0.9935584941681304,latest/model_ml_weight.json,2026-07-26T19:02:50.035060+00:00
2026-07-27T19:03:23.862215+00:00,xgboost,20260727T190323Z,34525,39,"minute,day_of_week_num,is_weekend,hour_sin,hour_cos,direction_encoded,hour_encoded,hour_of_day,is_peak_hour,is_monsoon,month,actual_eta_min_lag1,actual_eta_min_lag2,actual_eta_min_lag3,rain_lag_1,rain_lag_2,temperature,rain_mm,humidity,wind_speed,visibility_km,pm2_5,pm10,co_level,no2_level,aqi,rain_accumulation_3h,wmo_rain_category,visibility_penalty,emission_congestion_cross_lag1,weather_condition_encoded,mrt_status,mrt_headway,distance_km,is_anomaly_lag1,osrm_divergence_lag1,rain_x_peak_hour,is_holiday,is_extreme_weather",27620,6905,0.8,0.14857451315890763,0.025982514576523588,0.2543561918027184,0.038472250103861766,3.345762990245361,0.5997216341325754,3.275160129011072,0.5772500090990579,0.14627959961797532,0.1510949044055727,5,0.1260971522265634,0.23580330773466066,2.7083810948316716,2.6576655498815183,0.9578987623537302,0.12142353589791993,0.13068263785574938,0.22414949795890235,0.24762294098355836,0.8817130213270841,1.1195844667821497,22.607078061868,19.255163612207575,85.7,78.94,-0.036264320721581395,0.23299806647525934,"{""North (Mirpur-11 to 10)"": 0.12751967740960352, ""South (Kazipara to 10)"": 0.10388382868182648, ""West (Mirpur-1 to 10)"": 0.14688856854012072}",Metrics include OSRM baseline comparisons for Paper Table 3,"{""n_estimators"": 300, ""max_depth"": 7, ""learning_rate"": 0.047509393182654604, ""subsample"": 0.6483337902989695, ""colsample_bytree"": 0.8374255500340548, ""random_state"": 42, ""early_stopping_rounds"": 20, ""val_split_ratio"": 0.2, ""hpo_note"": ""Bayesian Optimization via Optuna (15 trials) minimizing Temporal Validation MAE""}",300,7,0.047509393182654604,0.6483337902989695,0.8374255500340548,latest/model_ml_weight.json,2026-07-27T19:03:23.862241+00:00
2026-07-28T19:03:00.524786+00:00,xgboost,20260728T190300Z,34525,39,"minute,day_of_week_num,is_weekend,hour_sin,hour_cos,direction_encoded,hour_encoded,hour_of_day,is_peak_hour,is_monsoon,month,actual_eta_min_lag1,actual_eta_min_lag2,actual_eta_min_lag3,rain_lag_1,rain_lag_2,temperature,rain_mm,humidity,wind_speed,visibility_km,pm2_5,pm10,co_level,no2_level,aqi,rain_accumulation_3h,wmo_rain_category,visibility_penalty,emission_congestion_cross_lag1,weather_condition_encoded,mrt_status,mrt_headway,distance_km,is_anomaly_lag1,osrm_divergence_lag1,rain_x_peak_hour,is_holiday,is_extreme_weather",27620,6905,0.8,0.14227480720520683,0.02154572957075961,0.25649351405993626,0.026493594523461766,3.1492117241983744,0.549596772238873,3.1123483900829347,0.5432463143434924,0.1399049226917987,0.14473122093239965,5,0.10656301940238448,0.22071888976479168,2.259691172808868,2.2389755082161753,0.9616742686099162,0.10233596084634088,0.11090701382068686,0.20814150287761304,0.23254833437841912,0.8828738199853704,1.1004269528118933,22.11923432467603,19.170431835554286,87.93,79.94,-0.011586661777316792,0.2204145584299284,"{""East (Mirpur-14 to 10)"": 0.10159545294867131, ""North (Mirpur-11 to 10)"": 0.1222070147804592, ""South (Kazipara to 10)"": 0.0882240077987883, ""West (Mirpur-1 to 10)"": 0.11423310004291191}",Metrics include OSRM baseline comparisons for Paper Table 3,"{""n_estimators"": 300, ""max_depth"": 5, ""learning_rate"": 0.04562654742685984, ""subsample"": 0.8895237064035971, ""colsample_bytree"": 0.8339262456136278, ""random_state"": 42, ""early_stopping_rounds"": 20, ""val_split_ratio"": 0.2, ""hpo_note"": ""Bayesian Optimization via Optuna (15 trials) minimizing Temporal Validation MAE""}",300,5,0.04562654742685984,0.8895237064035971,0.8339262456136278,latest/model_ml_weight.json,2026-07-28T19:03:00.524808+00:00
2026-07-29T19:02:39.237774+00:00,xgboost,20260729T190239Z,34525,39,"minute,day_of_week_num,is_weekend,hour_sin,hour_cos,direction_encoded,hour_encoded,hour_of_day,is_peak_hour,is_monsoon,month,actual_eta_min_lag1,actual_eta_min_lag2,actual_eta_min_lag3,rain_lag_1,rain_lag_2,temperature,rain_mm,humidity,wind_speed,visibility_km,pm2_5,pm10,co_level,no2_level,aqi,rain_accumulation_3h,wmo_rain_category,visibility_penalty,emission_congestion_cross_lag1,weather_condition_encoded,mrt_status,mrt_headway,distance_km,is_anomaly_lag1,osrm_divergence_lag1,rain_x_peak_hour,is_holiday,is_extreme_weather",27620,6905,0.8,0.1437004845222749,0.03122592785721051,0.2589868639788864,0.03726889721866183,3.246155871933689,0.8990904339981869,3.193184483722884,0.8624367936511655,0.14127905188059287,0.14621276884029258,5,0.10679753830431164,0.22469404423371717,2.2226761403491295,2.205861061573924,0.9608082358375514,0.10223001168576984,0.11132734319302243,0.21154674638331153,0.23680588609738712,0.8877262131795293,1.1086946534120699,22.23254296646238,19.25245847640491,87.97,79.73,-0.002276112113803471,0.22468251562537983,"{""East (Mirpur-14 to 10)"": 0.09395125501750862, ""North (Mirpur-11 to 10)"": 0.1277820128565249, ""South (Kazipara to 10)"": 0.09153201919856244, ""West (Mirpur-1 to 10)"": 0.11394032846659544}",Metrics include OSRM baseline comparisons for Paper Table 3,"{""n_estimators"": 200, ""max_depth"": 5, ""learning_rate"": 0.04333267785327797, ""subsample"": 0.7384055490926853, ""colsample_bytree"": 0.8583425762812965, ""random_state"": 42, ""early_stopping_rounds"": 20, ""val_split_ratio"": 0.2, ""hpo_note"": ""Bayesian Optimization via Optuna (15 trials) minimizing Temporal Validation MAE""}",200,5,0.04333267785327797,0.7384055490926853,0.8583425762812965,latest/model_ml_weight.json,2026-07-29T19:02:39.237795+00:00
2026-07-30T19:03:05.217208+00:00,xgboost,20260730T190305Z,34525,39,"minute,day_of_week_num,is_weekend,hour_sin,hour_cos,direction_encoded,hour_encoded,hour_of_day,is_peak_hour,is_monsoon,month,actual_eta_min_lag1,actual_eta_min_lag2,actual_eta_min_lag3,rain_lag_1,rain_lag_2,temperature,rain_mm,humidity,wind_speed,visibility_km,pm2_5,pm10,co_level,no2_level,aqi,rain_accumulation_3h,wmo_rain_category,visibility_penalty,emission_congestion_cross_lag1,weather_condition_encoded,mrt_status,mrt_headway,distance_km,is_anomaly_lag1,osrm_divergence_lag1,rain_x_peak_hour,is_holiday,is_extreme_weather",27620,6905,0.8,0.1513420180213671,0.021155025224275998,0.25990462243858115,0.025414550809867573,3.4268951386140807,0.6268899224362645,3.362349222442827,0.606436249381623,0.14925157299965752,0.1539630172823136,5,0.12710976404801905,0.24425505945009207,2.7581133837006013,2.697401035811237,0.9561294086677201,0.12235517351090434,0.13216411653511081,0.2319701507146856,0.25796154380305736,0.909420574125668,1.1364318753202025,23.028291900064353,19.809055430920942,86.02,78.51,-0.029323964290908937,0.24248843103379902,"{""North (Mirpur-11 to 10)"": 0.1326564444059841, ""South (Kazipara to 10)"": 0.11165227248925542, ""West (Mirpur-1 to 10)"": 0.13913354850493978}",Metrics include OSRM baseline comparisons for Paper Table 3,"{""n_estimators"": 200, ""max_depth"": 8, ""learning_rate"": 0.019313203137083214, ""subsample"": 0.9276758547202717, ""colsample_bytree"": 0.9976012546502465, ""random_state"": 42, ""early_stopping_rounds"": 20, ""val_split_ratio"": 0.2, ""hpo_note"": ""Bayesian Optimization via Optuna (15 trials) minimizing Temporal Validation MAE""}",200,8,0.019313203137083214,0.9276758547202717,0.9976012546502465,latest/model_ml_weight.json,2026-07-30T19:03:05.217229+00:00
2026-07-31T19:03:07.208811+00:00,xgboost,20260731T190307Z,34547,39,"minute,day_of_week_num,is_weekend,hour_sin,hour_cos,direction_encoded,hour_encoded,hour_of_day,is_peak_hour,is_monsoon,month,actual_eta_min_lag1,actual_eta_min_lag2,actual_eta_min_lag3,rain_lag_1,rain_lag_2,temperature,rain_mm,humidity,wind_speed,visibility_km,pm2_5,pm10,co_level,no2_level,aqi,rain_accumulation_3h,wmo_rain_category,visibility_penalty,emission_congestion_cross_lag1,weather_condition_encoded,mrt_status,mrt_headway,distance_km,is_anomaly_lag1,osrm_divergence_lag1,rain_x_peak_hour,is_holiday,is_extreme_weather",27637,6910,0.8,0.16948144138615145,0.048613106319474166,0.29424770545757883,0.06226401408031719,3.901554759655313,1.358414349748186,3.792472899561821,1.2852550053687737,0.16674740882827235,0.17238931174451372,5,0.10990599087799338,0.23157663798569533,2.262297254553152,2.2398351809055943,0.9568563620367183,0.1052703091248072,0.11466204219623514,0.21841513467634766,0.24509968105850427,0.8842605504981897,1.0912696727688256,21.324788583492385,18.959790962776786,87.57,78.78,-0.0001345935150786895,0.23157659887247564,"{""East (Mirpur-14 to 10)"": 0.09102049497478061, ""North (Mirpur-11 to 10)"": 0.1291598061126048, ""South (Kazipara to 10)"": 0.1019703124025582, ""West (Mirpur-1 to 10)"": 0.12038655503555501}",Metrics include OSRM baseline comparisons for Paper Table 3,"{""n_estimators"": 150, ""max_depth"": 9, ""learning_rate"": 0.04221719379129533, ""subsample"": 0.9941283528820888, ""colsample_bytree"": 0.9281889012746769, ""random_state"": 42, ""early_stopping_rounds"": 20, ""val_split_ratio"": 0.2, ""hpo_note"": ""Bayesian Optimization via Optuna (15 trials) minimizing Temporal Validation MAE""}",150,9,0.04221719379129533,0.9941283528820888,0.9281889012746769,latest/model_ml_weight.json,2026-07-31T19:03:07.208837+00:00
2026-08-01T19:02:43.765988+00:00,xgboost,20260801T190243Z,34547,39,"minute,day_of_week_num,is_weekend,hour_sin,hour_cos,direction_encoded,hour_encoded,hour_of_day,is_peak_hour,is_monsoon,month,actual_eta_min_lag1,actual_eta_min_lag2,actual_eta_min_lag3,rain_lag_1,rain_lag_2,temperature,rain_mm,humidity,wind_speed,visibility_km,pm2_5,pm10,co_level,no2_level,aqi,rain_accumulation_3h,wmo_rain_category,visibility_penalty,emission_congestion_cross_lag1,weather_condition_encoded,mrt_status,mrt_headway,distance_km,is_anomaly_lag1,osrm_divergence_lag1,rain_x_peak_hour,is_holiday,is_extreme_weather",27637,6910,0.8,0.15434387250300266,0.04681783020190459,0.2647794911425297,0.04632115031664393,3.446233880781972,1.146723982109291,3.377549686889446,1.1105238920459422,0.15183996230270044,0.1568938189785079,5,0.10750169491250333,0.2260376937138815,2.1672413498009924,2.152577394553268,0.959817752779156,0.10282111338471885,0.1123579094119424,0.2145479621155294,0.23863700803149274,0.9167579033631066,1.1096579125412733,21.937930022923517,19.72252519641053,88.27,79.63,0.0037584747557357157,0.22600644425989494,"{""East (Mirpur-14 to 10)"": 0.08501513373546112, ""North (Mirpur-11 to 10)"": 0.14342290174030292, ""South (Kazipara to 10)"": 0.09842609266480871, ""West (Mirpur-1 to 10)"": 0.11947902924590016}",Metrics include OSRM baseline comparisons for Paper Table 3,"{""n_estimators"": 100, ""max_depth"": 7, ""learning_rate"": 0.07329436062513917, ""subsample"": 0.8756623291939448, ""colsample_bytree"": 0.9523766776491507, ""random_state"": 42, ""early_stopping_rounds"": 20, ""val_split_ratio"": 0.2, ""hpo_note"": ""Bayesian Optimization via Optuna (15 trials) minimizing Temporal Validation MAE""}",100,7,0.07329436062513917,0.8756623291939448,0.9523766776491507,latest/model_ml_weight.json,2026-08-01T19:02:43.766014+00:00
2026-08-02T19:03:00.276691+00:00,xgboost,20260802T190300Z,34551,39,"minute,day_of_week_num,is_weekend,hour_sin,hour_cos,direction_encoded,hour_encoded,hour_of_day,is_peak_hour,is_monsoon,month,actual_eta_min_lag1,actual_eta_min_lag2,actual_eta_min_lag3,rain_lag_1,rain_lag_2,temperature,rain_mm,humidity,wind_speed,visibility_km,pm2_5,pm10,co_level,no2_level,aqi,rain_accumulation_3h,wmo_rain_category,visibility_penalty,emission_congestion_cross_lag1,weather_condition_encoded,mrt_status,mrt_headway,distance_km,is_anomaly_lag1,osrm_divergence_lag1,rain_x_peak_hour,is_holiday,is_extreme_weather",27640,6911,0.8,0.1411327452694388,0.04665303380427047,0.24621008749252268,0.05081026802128594,3.1045397706485347,1.0317011063534427,3.0557630575621757,1.023913542650977,0.13884785910765718,0.14354007658338996,5,0.09220434337185979,0.2097744328313564,1.9480353947389135,1.9234949891429365,0.9678883846707024,0.08789245621858949,0.09671116282487636,0.19776453100047958,0.2215376531409174,0.9270657843555938,1.148986534628718,23.965859139946893,20.575741380372918,90.05,81.74,-0.004497463212243003,0.20972621556298532,"{""East (Mirpur-14 to 10)"": 0.08172432994996595, ""North (Mirpur-11 to 10)"": 0.1284082001150134, ""South (Kazipara to 10)"": 0.07680533997846112, ""West (Mirpur-1 to 10)"": 0.09846713211773159}",Metrics include OSRM baseline comparisons for Paper Table 3,"{""n_estimators"": 250, ""max_depth"": 6, ""learning_rate"": 0.017359188951304567, ""subsample"": 0.7097939893129924, ""colsample_bytree"": 0.9395567732287875, ""random_state"": 42, ""early_stopping_rounds"": 20, ""val_split_ratio"": 0.2, ""hpo_note"": ""Bayesian Optimization via Optuna (15 trials) minimizing Temporal Validation MAE""}",250,6,0.017359188951304567,0.7097939893129924,0.9395567732287875,latest/model_ml_weight.json,2026-08-02T19:03:00.276712+00:00
2026-08-03T19:02:55.938695+00:00,xgboost,20260803T190255Z,34551,39,"minute,day_of_week_num,is_weekend,hour_sin,hour_cos,direction_encoded,hour_encoded,hour_of_day,is_peak_hour,is_monsoon,month,actual_eta_min_lag1,actual_eta_min_lag2,actual_eta_min_lag3,rain_lag_1,rain_lag_2,temperature,rain_mm,humidity,wind_speed,visibility_km,pm2_5,pm10,co_level,no2_level,aqi,rain_accumulation_3h,wmo_rain_category,visibility_penalty,emission_congestion_cross_lag1,weather_condition_encoded,mrt_status,mrt_headway,distance_km,is_anomaly_lag1,osrm_divergence_lag1,rain_x_peak_hour,is_holiday,is_extreme_weather",27640,6911,0.8,0.1433832550525831,0.030302638912154782,0.2511349216554187,0.046576205618636464,3.353737403831739,0.778972449371319,3.273389035860329,0.7440061707169627,0.14083143165995984,0.14577329431640976,5,0.1189865222892822,0.22626320231042438,2.625841633836684,2.593658895635779,0.9610431947270123,0.11490470199680868,0.12345240822181294,0.21551803436236736,0.23788283446367858,0.9037223696426498,1.119571366948878,22.38608104099616,19.67615471075687,86.83,79.79,-0.004907736631296006,0.22620997069299548,"{""East (Mirpur-14 to 10)"": 0.093717839397185, ""North (Mirpur-11 to 10)"": 0.14672054633258905, ""South (Kazipara to 10)"": 0.11638785157412912, ""West (Mirpur-1 to 10)"": 0.12069756819502167}",Metrics include OSRM baseline comparisons for Paper Table 3,"{""n_estimators"": 250, ""max_depth"": 5, ""learning_rate"": 0.011615865989246453, ""subsample"": 0.9795542149013333, ""colsample_bytree"": 0.9862528132298237, ""random_state"": 42, ""early_stopping_rounds"": 20, ""val_split_ratio"": 0.2, ""hpo_note"": ""Bayesian Optimization via Optuna (15 trials) minimizing Temporal Validation MAE""}",250,5,0.011615865989246453,0.9795542149013333,0.9862528132298237,latest/model_ml_weight.json,2026-08-03T19:02:55.938713+00:00
2026-08-04T19:02:50.070780+00:00,xgboost,20260804T190250Z,34551,39,"minute,day_of_week_num,is_weekend,hour_sin,hour_cos,direction_encoded,hour_encoded,hour_of_day,is_peak_hour,is_monsoon,month,actual_eta_min_lag1,actual_eta_min_lag2,actual_eta_min_lag3,rain_lag_1,rain_lag_2,temperature,rain_mm,humidity,wind_speed,visibility_km,pm2_5,pm10,co_level,no2_level,aqi,rain_accumulation_3h,wmo_rain_category,visibility_penalty,emission_congestion_cross_lag1,weather_condition_encoded,mrt_status,mrt_headway,distance_km,is_anomaly_lag1,osrm_divergence_lag1,rain_x_peak_hour,is_holiday,is_extreme_weather",27640,6911,0.8,0.13506622703939147,0.03193768751153007,0.25242746128030163,0.04369379490981852,2.8718104309297336,0.7733936405303607,2.8557092120591783,0.7680404517192773,0.13254763954940377,0.13753422334964344,5,0.10857699560094476,0.22769702585970425,2.201779785008908,2.1927970084436548,0.9606736054966739,0.10365922782693993,0.11306185707640948,0.21564225397361858,0.23846357025207562,0.8997820745698936,1.118607202984166,22.316432950125325,19.426501112445365,87.93,79.64,-0.001486548843405863,0.2276921732468883,"{""East (Mirpur-14 to 10)"": 0.09323226876832819, ""North (Mirpur-11 to 10)"": 0.12682898456262037, ""South (Kazipara to 10)"": 0.09256402687893973, ""West (Mirpur-1 to 10)"": 0.1216932646875028}",Metrics include OSRM baseline comparisons for Paper Table 3,"{""n_estimators"": 200, ""max_depth"": 4, ""learning_rate"": 0.0946542023098865, ""subsample"": 0.9134518484596068, ""colsample_bytree"": 0.9617237327737289, ""random_state"": 42, ""early_stopping_rounds"": 20, ""val_split_ratio"": 0.2, ""hpo_note"": ""Bayesian Optimization via Optuna (15 trials) minimizing Temporal Validation MAE""}",200,4,0.0946542023098865,0.9134518484596068,0.9617237327737289,latest/model_ml_weight.json,2026-08-04T19:02:50.070804+00:00
2026-08-05T19:03:44.124311+00:00,xgboost,20260805T190344Z,34551,39,"minute,day_of_week_num,is_weekend,hour_sin,hour_cos,direction_encoded,hour_encoded,hour_of_day,is_peak_hour,is_monsoon,month,actual_eta_min_lag1,actual_eta_min_lag2,actual_eta_min_lag3,rain_lag_1,rain_lag_2,temperature,rain_mm,humidity,wind_speed,visibility_km,pm2_5,pm10,co_level,no2_level,aqi,rain_accumulation_3h,wmo_rain_category,visibility_penalty,emission_congestion_cross_lag1,weather_condition_encoded,mrt_status,mrt_headway,distance_km,is_anomaly_lag1,osrm_divergence_lag1,rain_x_peak_hour,is_holiday,is_extreme_weather",27640,6911,0.8,0.18184532875764614,0.04815726960546629,0.3064965321315515,0.0705918511717836,3.979249784773509,1.133125472354419,3.9059130787970453,1.1253096637964723,0.1789121565764544,0.18491064932179063,5,0.12662038647029733,0.25213882152405587,2.559223946251455,2.541484912072158,0.9548012524398568,0.1215955546080609,0.13198372974441977,0.24145455839543845,0.2637428336799686,0.9205827798212896,1.149793398649909,22.895261958448653,19.816603212140663,86.25,78.07,0.007357757579674865,0.2520314439171002,"{""North (Mirpur-11 to 10)"": 0.14045548804676952, ""South (Kazipara to 10)"": 0.10936785418126319, ""West (Mirpur-1 to 10)"": 0.1300438220012519}",Metrics include OSRM baseline comparisons for Paper Table 3,"{""n_estimators"": 300, ""max_depth"": 9, ""learning_rate"": 0.040285322197120985, ""subsample"": 0.9980663217026855, ""colsample_bytree"": 0.9462664564838017, ""random_state"": 42, ""early_stopping_rounds"": 20, ""val_split_ratio"": 0.2, ""hpo_note"": ""Bayesian Optimization via Optuna (15 trials) minimizing Temporal Validation MAE""}",300,9,0.040285322197120985,0.9980663217026855,0.9462664564838017,latest/model_ml_weight.json,2026-08-05T19:03:44.124337+00:00
2026-08-07T19:03:13.181328+00:00,xgboost,20260807T190313Z,34550,39,"minute,day_of_week_num,is_weekend,hour_sin,hour_cos,direction_encoded,hour_encoded,hour_of_day,is_peak_hour,is_monsoon,month,actual_eta_min_lag1,actual_eta_min_lag2,actual_eta_min_lag3,rain_lag_1,rain_lag_2,temperature,rain_mm,humidity,wind_speed,visibility_km,pm2_5,pm10,co_level,no2_level,aqi,rain_accumulation_3h,wmo_rain_category,visibility_penalty,emission_congestion_cross_lag1,weather_condition_encoded,mrt_status,mrt_headway,distance_km,is_anomaly_lag1,osrm_divergence_lag1,rain_x_peak_hour,is_holiday,is_extreme_weather",27640,6910,0.8,0.17327874086399214,0.05414140092708359,0.3103102359302418,0.08166701187500218,4.16128479362884,1.8578581127708331,3.8586669097997337,1.4976939048913829,0.17043645711323582,0.17646975303127682,5,0.12579162690539436,0.24922090014725212,2.6054245742935565,2.584312806621012,0.9558682206469782,0.12040841039562365,0.13108122633662825,0.23802937427265364,0.26109634228424256,0.9191128982549026,1.149613295742236,22.885100199241712,19.79726970420726,86.31,78.32,0.003244064531174484,0.24919978554469943,"{""North (Mirpur-11 to 10)"": 0.13348852509578518, ""South (Kazipara to 10)"": 0.11724290980290603, ""West (Mirpur-1 to 10)"": 0.1266430761044224}",Metrics include OSRM baseline comparisons for Paper Table 3,"{""n_estimators"": 200, ""max_depth"": 8, ""learning_rate"": 0.019313203137083214, ""subsample"": 0.9276758547202717, ""colsample_bytree"": 0.9976012546502465, ""random_state"": 42, ""early_stopping_rounds"": 20, ""val_split_ratio"": 0.2, ""hpo_note"": ""Bayesian Optimization via Optuna (15 trials) minimizing Temporal Validation MAE""}",200,8,0.019313203137083214,0.9276758547202717,0.9976012546502465,latest/model_ml_weight.json,2026-08-07T19:03:13.181349+00:00
2026-08-08T19:03:16.494889+00:00,xgboost,20260808T190316Z,34551,39,"minute,day_of_week_num,is_weekend,hour_sin,hour_cos,direction_encoded,hour_encoded,hour_of_day,is_peak_hour,is_monsoon,month,actual_eta_min_lag1,actual_eta_min_lag2,actual_eta_min_lag3,rain_lag_1,rain_lag_2,temperature,rain_mm,humidity,wind_speed,visibility_km,pm2_5,pm10,co_level,no2_level,aqi,rain_accumulation_3h,wmo_rain_category,visibility_penalty,emission_congestion_cross_lag1,weather_condition_encoded,mrt_status,mrt_headway,distance_km,is_anomaly_lag1,osrm_divergence_lag1,rain_x_peak_hour,is_holiday,is_extreme_weather",27640,6911,0.8,0.15996991882377218,0.026293948577423017,0.2715055043369198,0.02364238130134462,3.4768709583402626,0.7538367125054557,3.408841982906761,0.7026067963832036,0.1574791773030724,0.1626231208527407,5,0.12155795425086062,0.2391574947210484,2.5135530847473952,2.4961189958146672,0.9594886030477392,0.11652438119361308,0.12650001014560577,0.22789783653702414,0.2500964128910997,0.9272862996729472,1.1495429469275416,22.979143036557716,19.99603937303663,86.89,79.2,0.0027132437188103473,0.2391421033397729,"{""North (Mirpur-11 to 10)"": 0.12441506117879957, ""South (Kazipara to 10)"": 0.11185957575693269, ""West (Mirpur-1 to 10)"": 0.1283932897894605}",Metrics include OSRM baseline comparisons for Paper Table 3,"{""n_estimators"": 200, ""max_depth"": 8, ""learning_rate"": 0.019313203137083214, ""subsample"": 0.9276758547202717, ""colsample_bytree"": 0.9976012546502465, ""random_state"": 42, ""early_stopping_rounds"": 20, ""val_split_ratio"": 0.2, ""hpo_note"": ""Bayesian Optimization via Optuna (15 trials) minimizing Temporal Validation MAE""}",200,8,0.019313203137083214,0.9276758547202717,0.9976012546502465,latest/model_ml_weight.json,2026-08-08T19:03:16.494915+00:00
2026-08-09T19:03:02.444549+00:00,xgboost,20260809T190302Z,34551,39,"minute,day_of_week_num,is_weekend,hour_sin,hour_cos,direction_encoded,hour_encoded,hour_of_day,is_peak_hour,is_monsoon,month,actual_eta_min_lag1,actual_eta_min_lag2,actual_eta_min_lag3,rain_lag_1,rain_lag_2,temperature,rain_mm,humidity,wind_speed,visibility_km,pm2_5,pm10,co_level,no2_level,aqi,rain_accumulation_3h,wmo_rain_category,visibility_penalty,emission_congestion_cross_lag1,weather_condition_encoded,mrt_status,mrt_headway,distance_km,is_anomaly_lag1,osrm_divergence_lag1,rain_x_peak_hour,is_holiday,is_extreme_weather",27640,6911,0.8,0.1669151784253228,0.08968780021721923,0.27467675536563363,0.08982779362002095,3.7286195409568466,2.3781095685208973,3.5875106960494385,2.157105504733449,0.16419430454173575,0.16969823299361914,5,0.11305062876891649,0.22940781643110417,2.3469876838621224,2.3240395867037154,0.9576639587645525,0.10839097581091191,0.11809351526530015,0.2186348495572292,0.24110717071448312,0.8835207557576509,1.0866120886666162,21.60609057115927,19.136054344514317,87.2,78.89,-0.002448706994645241,0.22939474726711065,"{""East (Mirpur-14 to 10)"": 0.10096312671431064, ""North (Mirpur-11 to 10)"": 0.12826152673721314, ""South (Kazipara to 10)"": 0.10557767658320825, ""West (Mirpur-1 to 10)"": 0.12488614953755728}",Metrics include OSRM baseline comparisons for Paper Table 3,"{""n_estimators"": 300, ""max_depth"": 8, ""learning_rate"": 0.04822573015067132, ""subsample"": 0.9337585570065023, ""colsample_bytree"": 0.8293257306737642, ""random_state"": 42, ""early_stopping_rounds"": 20, ""val_split_ratio"": 0.2, ""hpo_note"": ""Bayesian Optimization via Optuna (15 trials) minimizing Temporal Validation MAE""}",300,8,0.04822573015067132,0.9337585570065023,0.8293257306737642,latest/model_ml_weight.json,2026-08-09T19:03:02.444575+00:00
2026-08-10T19:03:05.358282+00:00,xgboost,20260810T190305Z,34547,39,"minute,day_of_week_num,is_weekend,hour_sin,hour_cos,direction_encoded,hour_encoded,hour_of_day,is_peak_hour,is_monsoon,month,actual_eta_min_lag1,actual_eta_min_lag2,actual_eta_min_lag3,rain_lag_1,rain_lag_2,temperature,rain_mm,humidity,wind_speed,visibility_km,pm2_5,pm10,co_level,no2_level,aqi,rain_accumulation_3h,wmo_rain_category,visibility_penalty,emission_congestion_cross_lag1,weather_condition_encoded,mrt_status,mrt_headway,distance_km,is_anomaly_lag1,osrm_divergence_lag1,rain_x_peak_hour,is_holiday,is_extreme_weather",27637,6910,0.8,0.19239776693012475,0.07344830566370941,0.3255550019466834,0.09993791172950647,4.7693238337433765,2.38760030828022,4.434238083133857,1.9719751604066549,0.1889574412467145,0.19578952536933308,5,0.12001142853075793,0.23679807889018095,2.419350847745164,2.3956557992389853,0.9569111884891717,0.11492559623521593,0.12509308385452209,0.22579367507615875,0.24823245952105347,0.9078081871467641,1.1098669236084626,21.649040218436642,19.418313831498534,86.78,78.66,-0.0032996248708965057,0.2367750887272386,"{""East (Mirpur-14 to 10)"": 0.1169156541633606, ""North (Mirpur-11 to 10)"": 0.12700481016663745, ""South (Kazipara to 10)"": 0.10825462302580702, ""West (Mirpur-1 to 10)"": 0.1263466455632814}",Metrics include OSRM baseline comparisons for Paper Table 3,"{""n_estimators"": 200, ""max_depth"": 9, ""learning_rate"": 0.026476077883272726, ""subsample"": 0.9991905794532908, ""colsample_bytree"": 0.9484585963567844, ""random_state"": 42, ""early_stopping_rounds"": 20, ""val_split_ratio"": 0.2, ""hpo_note"": ""Bayesian Optimization via Optuna (15 trials) minimizing Temporal Validation MAE""}",200,9,0.026476077883272726,0.9991905794532908,0.9484585963567844,latest/model_ml_weight.json,2026-08-10T19:03:05.358305+00:00
2026-08-11T19:02:45.318918+00:00,xgboost,20260811T190245Z,34542,39,"minute,day_of_week_num,is_weekend,hour_sin,hour_cos,direction_encoded,hour_encoded,hour_of_day,is_peak_hour,is_monsoon,month,actual_eta_min_lag1,actual_eta_min_lag2,actual_eta_min_lag3,rain_lag_1,rain_lag_2,temperature,rain_mm,humidity,wind_speed,visibility_km,pm2_5,pm10,co_level,no2_level,aqi,rain_accumulation_3h,wmo_rain_category,visibility_penalty,emission_congestion_cross_lag1,weather_condition_encoded,mrt_status,mrt_headway,distance_km,is_anomaly_lag1,osrm_divergence_lag1,rain_x_peak_hour,is_holiday,is_extreme_weather",27633,6909,0.8,0.1371058195316897,0.027165255256605382,0.24379241147892045,0.02778887185218623,2.987851314734586,0.9174861646930466,2.9439637351367423,0.8451552352165144,0.13489366554497886,0.139491417675671,5,0.11091776699729275,0.22918294722155666,2.232534148287094,2.214135495391493,0.959276994063439,0.10615804505034179,0.11582617714246665,0.21739013349776934,0.24174486840447582,0.9144842949808083,1.1104337393526407,21.970033084866202,19.741801199377214,87.87,79.36,-0.00630796629331067,0.22909612143901803,"{""East (Mirpur-14 to 10)"": 0.09786746013436332, ""North (Mirpur-11 to 10)"": 0.1102646951924335, ""South (Kazipara to 10)"": 0.10528072964839995, ""West (Mirpur-1 to 10)"": 0.1241045376599584}",Metrics include OSRM baseline comparisons for Paper Table 3,"{""n_estimators"": 150, ""max_depth"": 8, ""learning_rate"": 0.04497071059583655, ""subsample"": 0.896332179354868, ""colsample_bytree"": 0.9099716306901742, ""random_state"": 42, ""early_stopping_rounds"": 20, ""val_split_ratio"": 0.2, ""hpo_note"": ""Bayesian Optimization via Optuna (15 trials) minimizing Temporal Validation MAE""}",150,8,0.04497071059583655,0.896332179354868,0.9099716306901742,latest/model_ml_weight.json,2026-08-11T19:02:45.318940+00:00
2026-08-12T19:03:21.972035+00:00,xgboost,20260812T190321Z,34542,39,"minute,day_of_week_num,is_weekend,hour_sin,hour_cos,direction_encoded,hour_encoded,hour_of_day,is_peak_hour,is_monsoon,month,actual_eta_min_lag1,actual_eta_min_lag2,actual_eta_min_lag3,rain_lag_1,rain_lag_2,temperature,rain_mm,humidity,wind_speed,visibility_km,pm2_5,pm10,co_level,no2_level,aqi,rain_accumulation_3h,wmo_rain_category,visibility_penalty,emission_congestion_cross_lag1,weather_condition_encoded,mrt_status,mrt_headway,distance_km,is_anomaly_lag1,osrm_divergence_lag1,rain_x_peak_hour,is_holiday,is_extreme_weather",27633,6909,0.8,0.14843908338031567,0.03625546387088708,0.26285005535356987,0.04173629526515397,3.052659971753856,0.770547513611666,3.0558736666196378,0.7813730868938981,0.1460845138989494,0.15104861664245667,5,0.1389378453004997,0.2656204468226845,2.8693959956414035,2.886858457071888,0.9452740968285208,0.13333917880244633,0.14407212027176225,0.2528815641189832,0.2771573088210995,0.9037161182945977,1.1040791391466886,22.107262155275365,19.64716462173936,84.63,75.94,0.006138448669658854,0.26554950803609584,"{""East (Mirpur-14 to 10)"": 0.1183051409142936, ""North (Mirpur-11 to 10)"": 0.15738996601825395, ""South (Kazipara to 10)"": 0.14636763662062352, ""West (Mirpur-1 to 10)"": 0.135064619496604}",Metrics include OSRM baseline comparisons for Paper Table 3,"{""n_estimators"": 150, ""max_depth"": 10, ""learning_rate"": 0.05395030966670229, ""subsample"": 0.8394633936788146, ""colsample_bytree"": 0.6624074561769746, ""random_state"": 42, ""early_stopping_rounds"": 20, ""val_split_ratio"": 0.2, ""hpo_note"": ""Bayesian Optimization via Optuna (15 trials) minimizing Temporal Validation MAE""}",150,10,0.05395030966670229,0.8394633936788146,0.6624074561769746,latest/model_ml_weight.json,2026-08-12T19:03:21.972061+00:00
2026-08-13T19:03:24.982325+00:00,xgboost,20260813T190324Z,34542,39,"minute,day_of_week_num,is_weekend,hour_sin,hour_cos,direction_encoded,hour_encoded,hour_of_day,is_peak_hour,is_monsoon,month,actual_eta_min_lag1,actual_eta_min_lag2,actual_eta_min_lag3,rain_lag_1,rain_lag_2,temperature,rain_mm,humidity,wind_speed,visibility_km,pm2_5,pm10,co_level,no2_level,aqi,rain_accumulation_3h,wmo_rain_category,visibility_penalty,emission_congestion_cross_lag1,weather_condition_encoded,mrt_status,mrt_headway,distance_km,is_anomaly_lag1,osrm_divergence_lag1,rain_x_peak_hour,is_holiday,is_extreme_weather",27633,6909,0.8,0.15496334030919343,0.022706515046803117,0.2822298160825761,0.0309070966978575,3.307722746220287,0.726334537781556,3.306515155974624,0.6944190031664571,0.15228760243644932,0.15774782270870835,5,0.1487871544018446,0.30824102639008627,3.000502685306909,3.1036103691787598,0.9212911864462575,0.14291732658634554,0.15521576628213613,0.29275420688061415,0.3232122506552998,0.9064573531235633,1.0838722928084406,20.58703411152174,19.068902835144982,83.59,71.56,0.042511352193150234,0.3052954557223606,"{""East (Mirpur-14 to 10)"": 0.13054443999573034, ""North (Mirpur-11 to 10)"": 0.17864671970159682, ""South (Kazipara to 10)"": 0.15723868160766885, ""West (Mirpur-1 to 10)"": 0.12875822691453825}",Metrics include OSRM baseline comparisons for Paper Table 3,"{""n_estimators"": 300, ""max_depth"": 8, ""learning_rate"": 0.014325480288460595, ""subsample"": 0.9289856202403853, ""colsample_bytree"": 0.9020148628201681, ""random_state"": 42, ""early_stopping_rounds"": 20, ""val_split_ratio"": 0.2, ""hpo_note"": ""Bayesian Optimization via Optuna (15 trials) minimizing Temporal Validation MAE""}",300,8,0.014325480288460595,0.9289856202403853,0.9020148628201681,latest/model_ml_weight.json,2026-08-13T19:03:24.982346+00:00
2026-08-14T19:02:31.176828+00:00,xgboost,20260814T190231Z,34542,39,"minute,day_of_week_num,is_weekend,hour_sin,hour_cos,direction_encoded,hour_encoded,hour_of_day,is_peak_hour,is_monsoon,month,actual_eta_min_lag1,actual_eta_min_lag2,actual_eta_min_lag3,rain_lag_1,rain_lag_2,temperature,rain_mm,humidity,wind_speed,visibility_km,pm2_5,pm10,co_level,no2_level,aqi,rain_accumulation_3h,wmo_rain_category,visibility_penalty,emission_congestion_cross_lag1,weather_condition_encoded,mrt_status,mrt_headway,distance_km,is_anomaly_lag1,osrm_divergence_lag1,rain_x_peak_hour,is_holiday,is_extreme_weather",27633,6909,0.8,0.14718296913440515,0.050837099976887706,0.2633866411571728,0.06409736521218656,3.13545122751014,1.306576841260854,3.1091454952504853,1.2352288124097166,0.14448751897474366,0.14979296650785073,5,0.1425765068414743,0.29925057863255444,2.8531663472752804,2.9653035176884535,0.9180251863334539,0.1366315569677821,0.14869754729917622,0.2865364592990609,0.31207819156932926,0.8923665333250113,1.0579070989611028,18.9253544147199,18.305166617431524,84.02,71.71,0.057183681163105966,0.29373616634754884,"{""East (Mirpur-14 to 10)"": 0.12634908836621503, ""North (Mirpur-11 to 10)"": 0.1667775660204428, ""South (Kazipara to 10)"": 0.1552837321238051, ""West (Mirpur-1 to 10)"": 0.12585047994413945}",Metrics include OSRM baseline comparisons for Paper Table 3,"{""n_estimators"": 250, ""max_depth"": 6, ""learning_rate"": 0.026013968879551805, ""subsample"": 0.9422473449332017, ""colsample_bytree"": 0.7376353865076517, ""random_state"": 42, ""early_stopping_rounds"": 20, ""val_split_ratio"": 0.2, ""hpo_note"": ""Bayesian Optimization via Optuna (15 trials) minimizing Temporal Validation MAE""}",250,6,0.026013968879551805,0.9422473449332017,0.7376353865076517,latest/model_ml_weight.json,2026-08-14T19:02:31.176853+00:00
2026-08-15T19:03:10.396889+00:00,xgboost,20260815T190310Z,34538,39,"minute,day_of_week_num,is_weekend,hour_sin,hour_cos,direction_encoded,hour_encoded,hour_of_day,is_peak_hour,is_monsoon,month,actual_eta_min_lag1,actual_eta_min_lag2,actual_eta_min_lag3,rain_lag_1,rain_lag_2,temperature,rain_mm,humidity,wind_speed,visibility_km,pm2_5,pm10,co_level,no2_level,aqi,rain_accumulation_3h,wmo_rain_category,visibility_penalty,emission_congestion_cross_lag1,weather_condition_encoded,mrt_status,mrt_headway,distance_km,is_anomaly_lag1,osrm_divergence_lag1,rain_x_peak_hour,is_holiday,is_extreme_weather",27630,6908,0.8,0.16951627643245884,0.05804588514122083,0.29662282429070247,0.06754467282632234,3.730836674768264,1.774842448917922,3.650116644852324,1.570385345349441,0.16671710965354214,0.17238019455423614,5,0.17907065943340794,0.3314631215795952,3.591868899317394,3.7066604570610813,0.9078744300096158,0.17288791205317697,0.18552952092668537,0.3179361178527418,0.34552961556340345,0.8971102681943944,1.0706943264827555,19.974145374139816,18.642369604414473,80.04,69.04,0.057078294738842426,0.32651166784204716,"{""North (Mirpur-11 to 10)"": 0.21034285263638203, ""South (Kazipara to 10)"": 0.17879832821414102, ""West (Mirpur-1 to 10)"": 0.1480843763438401}",Metrics include OSRM baseline comparisons for Paper Table 3,"{""n_estimators"": 150, ""max_depth"": 9, ""learning_rate"": 0.0408178796811718, ""subsample"": 0.939764975789116, ""colsample_bytree"": 0.912415457654784, ""random_state"": 42, ""early_stopping_rounds"": 20, ""val_split_ratio"": 0.2, ""hpo_note"": ""Bayesian Optimization via Optuna (15 trials) minimizing Temporal Validation MAE""}",150,9,0.0408178796811718,0.939764975789116,0.912415457654784,latest/model_ml_weight.json,2026-08-15T19:03:10.396913+00:00
2026-08-16T19:03:04.116641+00:00,xgboost,20260816T190304Z,34534,39,"minute,day_of_week_num,is_weekend,hour_sin,hour_cos,direction_encoded,hour_encoded,hour_of_day,is_peak_hour,is_monsoon,month,actual_eta_min_lag1,actual_eta_min_lag2,actual_eta_min_lag3,rain_lag_1,rain_lag_2,temperature,rain_mm,humidity,wind_speed,visibility_km,pm2_5,pm10,co_level,no2_level,aqi,rain_accumulation_3h,wmo_rain_category,visibility_penalty,emission_congestion_cross_lag1,weather_condition_encoded,mrt_status,mrt_headway,distance_km,is_anomaly_lag1,osrm_divergence_lag1,rain_x_peak_hour,is_holiday,is_extreme_weather",27627,6907,0.8,0.16088051782669346,0.03734602920167323,0.28010226625813217,0.04196829373700308,3.5296960444832655,1.1289405289857646,3.4643397024995464,1.0125567480768152,0.15843284906867067,0.16366897304883735,5,0.15664959954200613,0.2946022131471983,3.1769521178069695,3.231909869810428,0.9216969659504666,0.15039155032121448,0.16299784021155264,0.2817784497016573,0.3076176706970634,0.8674304079200648,1.0332854183854538,18.93596065627648,17.888228303128844,81.94,71.49,0.03566296388568937,0.2924356630066095,"{""North (Mirpur-11 to 10)"": 0.17611514894302283, ""South (Kazipara to 10)"": 0.15496133788585456, ""West (Mirpur-1 to 10)"": 0.13888921631246973}",Metrics include OSRM baseline comparisons for Paper Table 3,"{""n_estimators"": 200, ""max_depth"": 8, ""learning_rate"": 0.020522925224175235, ""subsample"": 0.6733221771480445, ""colsample_bytree"": 0.7348858038266262, ""random_state"": 42, ""early_stopping_rounds"": 20, ""val_split_ratio"": 0.2, ""hpo_note"": ""Bayesian Optimization via Optuna (15 trials) minimizing Temporal Validation MAE""}",200,8,0.020522925224175235,0.6733221771480445,0.7348858038266262,latest/model_ml_weight.json,2026-08-16T19:03:04.116669+00:00
2026-08-17T19:02:59.420354+00:00,xgboost,20260817T190259Z,34533,39,"minute,day_of_week_num,is_weekend,hour_sin,hour_cos,direction_encoded,hour_encoded,hour_of_day,is_peak_hour,is_monsoon,month,actual_eta_min_lag1,actual_eta_min_lag2,actual_eta_min_lag3,rain_lag_1,rain_lag_2,temperature,rain_mm,humidity,wind_speed,visibility_km,pm2_5,pm10,co_level,no2_level,aqi,rain_accumulation_3h,wmo_rain_category,visibility_penalty,emission_congestion_cross_lag1,weather_condition_encoded,mrt_status,mrt_headway,distance_km,is_anomaly_lag1,osrm_divergence_lag1,rain_x_peak_hour,is_holiday,is_extreme_weather",27626,6907,0.8,0.15848184120085423,0.01889883310075869,0.2735824372131156,0.0344948552511636,3.447226809656801,0.4097872728945243,3.4269365437877353,0.40669110627123106,0.1558437361268972,0.16101595726086096,5,0.18528824971625543,0.33908916478082185,3.6359505082772263,3.775407328267278,0.8658144693745975,0.17907477533004382,0.19249377260802536,0.32716052071431767,0.35276954391931087,0.8136377086796336,0.951051495770215,16.09446677944978,16.15340406982951,77.23,64.35,0.08481025866597817,0.3283118665183536,"{""East (Mirpur-14 to 10)"": 0.18098989943504334, ""North (Mirpur-11 to 10)"": 0.21994116103746056, ""South (Kazipara to 10)"": 0.17959800444622825, ""West (Mirpur-1 to 10)"": 0.15853977953237927}",Metrics include OSRM baseline comparisons for Paper Table 3,"{""n_estimators"": 150, ""max_depth"": 8, ""learning_rate"": 0.02027168381106423, ""subsample"": 0.6017262123368978, ""colsample_bytree"": 0.8756987933775724, ""random_state"": 42, ""early_stopping_rounds"": 20, ""val_split_ratio"": 0.2, ""hpo_note"": ""Bayesian Optimization via Optuna (15 trials) minimizing Temporal Validation MAE""}",150,8,0.02027168381106423,0.6017262123368978,0.8756987933775724,latest/model_ml_weight.json,2026-08-17T19:02:59.420376+00:00
2026-08-18T19:03:16.545351+00:00,xgboost,20260818T190316Z,34533,39,"minute,day_of_week_num,is_weekend,hour_sin,hour_cos,direction_encoded,hour_encoded,hour_of_day,is_peak_hour,is_monsoon,month,actual_eta_min_lag1,actual_eta_min_lag2,actual_eta_min_lag3,rain_lag_1,rain_lag_2,temperature,rain_mm,humidity,wind_speed,visibility_km,pm2_5,pm10,co_level,no2_level,aqi,rain_accumulation_3h,wmo_rain_category,visibility_penalty,emission_congestion_cross_lag1,weather_condition_encoded,mrt_status,mrt_headway,distance_km,is_anomaly_lag1,osrm_divergence_lag1,rain_x_peak_hour,is_holiday,is_extreme_weather",27626,6907,0.8,0.1448136984400082,0.01580477799364395,0.27829203030238625,0.035526701451038374,2.9656040226901226,0.33474135434665164,3.00172952363794,0.3809882133002309,0.14223993248215352,0.14742686531924457,5,0.1699780791323938,0.34771825109027954,3.4089317852696475,3.585189012355584,0.8561525966175579,0.16319757065124754,0.17731621958350968,0.33268555270902095,0.36337680273262024,0.7923459026925401,0.928138441738343,15.839074506297331,15.790635043384466,78.55,62.54,0.07038141375705027,0.34052083451507276,"{""East (Mirpur-14 to 10)"": 0.16626846404039727, ""North (Mirpur-11 to 10)"": 0.1949974397049304, ""South (Kazipara to 10)"": 0.1676371104356935, ""West (Mirpur-1 to 10)"": 0.15102378952896658}",Metrics include OSRM baseline comparisons for Paper Table 3,"{""n_estimators"": 200, ""max_depth"": 8, ""learning_rate"": 0.022019086029334355, ""subsample"": 0.6313849539867122, ""colsample_bytree"": 0.9386749549524517, ""random_state"": 42, ""early_stopping_rounds"": 20, ""val_split_ratio"": 0.2, ""hpo_note"": ""Bayesian Optimization via Optuna (15 trials) minimizing Temporal Validation MAE""}",200,8,0.022019086029334355,0.6313849539867122,0.9386749549524517,latest/model_ml_weight.json,2026-08-18T19:03:16.545375+00:00
2026-08-19T19:03:14.475078+00:00,xgboost,20260819T190314Z,34533,39,"minute,day_of_week_num,is_weekend,hour_sin,hour_cos,direction_encoded,hour_encoded,hour_of_day,is_peak_hour,is_monsoon,month,actual_eta_min_lag1,actual_eta_min_lag2,actual_eta_min_lag3,rain_lag_1,rain_lag_2,temperature,rain_mm,humidity,wind_speed,visibility_km,pm2_5,pm10,co_level,no2_level,aqi,rain_accumulation_3h,wmo_rain_category,visibility_penalty,emission_congestion_cross_lag1,weather_condition_encoded,mrt_status,mrt_headway,distance_km,is_anomaly_lag1,osrm_divergence_lag1,rain_x_peak_hour,is_holiday,is_extreme_weather",27626,6907,0.8,0.15397118839592028,0.015830984913386806,0.28343605703636937,0.0319491936430172,3.2384350999832727,0.4952042737903231,3.246710748855881,0.479155314044709,0.1511947926040487,0.15672647879061127,5,0.16494301308283538,0.31046744230410767,3.19494201790503,3.2890102213120125,0.8884316690352457,0.1592761850802688,0.1710541262964928,0.29915466969484855,0.32270493797274,0.8017941970167711,0.9433530199609101,15.848826150612213,15.854550170798444,79.43,67.09,0.07126915268396114,0.30217667118188435,"{""East (Mirpur-14 to 10)"": 0.1782704120084464, ""North (Mirpur-11 to 10)"": 0.19162638512104682, ""South (Kazipara to 10)"": 0.15067577187220255, ""West (Mirpur-1 to 10)"": 0.15103780830696178}",Metrics include OSRM baseline comparisons for Paper Table 3,"{""n_estimators"": 200, ""max_depth"": 8, ""learning_rate"": 0.022019086029334355, ""subsample"": 0.9387984493554662, ""colsample_bytree"": 0.7462381324313869, ""random_state"": 42, ""early_stopping_rounds"": 20, ""val_split_ratio"": 0.2, ""hpo_note"": ""Bayesian Optimization via Optuna (15 trials) minimizing Temporal Validation MAE""}",200,8,0.022019086029334355,0.9387984493554662,0.7462381324313869,latest/model_ml_weight.json,2026-08-19T19:03:14.475107+00:00
2026-08-20T19:03:27.341692+00:00,xgboost,20260820T190327Z,34535,39,"minute,day_of_week_num,is_weekend,hour_sin,hour_cos,direction_encoded,hour_encoded,hour_of_day,is_peak_hour,is_monsoon,month,actual_eta_min_lag1,actual_eta_min_lag2,actual_eta_min_lag3,rain_lag_1,rain_lag_2,temperature,rain_mm,humidity,wind_speed,visibility_km,pm2_5,pm10,co_level,no2_level,aqi,rain_accumulation_3h,wmo_rain_category,visibility_penalty,emission_congestion_cross_lag1,weather_condition_encoded,mrt_status,mrt_headway,distance_km,is_anomaly_lag1,osrm_divergence_lag1,rain_x_peak_hour,is_holiday,is_extreme_weather",27628,6907,0.8,0.14520853686229132,0.023084099490548328,0.26894940595901506,0.02902595012674234,2.9547320495220584,0.5535487197159806,2.9765574657817426,0.5756608992138528,0.14258509198649463,0.14786874926617619,5,0.11855302147639543,0.24052310621802447,2.185410382477854,2.2034087723132587,0.9323394474835515,0.11370697419025867,0.12359098287941801,0.2277747000380946,0.25303215365655973,0.7922902017226704,0.9344394775541195,15.60376461332903,15.530119448851137,85.04,74.26,0.03842650997150267,0.23743371276248262,"{""East (Mirpur-14 to 10)"": 0.12053183010843292, ""North (Mirpur-11 to 10)"": 0.127158553906109, ""South (Kazipara to 10)"": 0.09994221013221366, ""West (Mirpur-1 to 10)"": 0.12708192619257458}",Metrics include OSRM baseline comparisons for Paper Table 3,"{""n_estimators"": 150, ""max_depth"": 10, ""learning_rate"": 0.05395030966670229, ""subsample"": 0.8394633936788146, ""colsample_bytree"": 0.6624074561769746, ""random_state"": 42, ""early_stopping_rounds"": 20, ""val_split_ratio"": 0.2, ""hpo_note"": ""Bayesian Optimization via Optuna (15 trials) minimizing Temporal Validation MAE""}",150,10,0.05395030966670229,0.8394633936788146,0.6624074561769746,latest/model_ml_weight.json,2026-08-20T19:03:27.341723+00:00
2026-08-22T19:03:09.256852+00:00,xgboost,20260822T190309Z,34535,39,"minute,day_of_week_num,is_weekend,hour_sin,hour_cos,direction_encoded,hour_encoded,hour_of_day,is_peak_hour,is_monsoon,month,actual_eta_min_lag1,actual_eta_min_lag2,actual_eta_min_lag3,rain_lag_1,rain_lag_2,temperature,rain_mm,humidity,wind_speed,visibility_km,pm2_5,pm10,co_level,no2_level,aqi,rain_accumulation_3h,wmo_rain_category,visibility_penalty,emission_congestion_cross_lag1,weather_condition_encoded,mrt_status,mrt_headway,distance_km,is_anomaly_lag1,osrm_divergence_lag1,rain_x_peak_hour,is_holiday,is_extreme_weather",27628,6907,0.8,0.15078805574836368,0.0180485411233751,0.2710467968066459,0.025653756581902522,3.0336907280167944,0.413065551020706,3.0555464263263326,0.4236780737778628,0.14814727762755053,0.1531803500724481,5,0.1219860168640393,0.25463563681786683,2.326006323245934,2.327310501075442,0.9254643827655905,0.11694792613894096,0.1274920300900962,0.24297570272251878,0.26789512601092985,0.7643523875268345,0.910637821796555,15.773716876186814,15.226842749589654,84.04,72.04,0.02150819322247227,0.2537256493970315,"{""East (Mirpur-14 to 10)"": 0.11421145271826975, ""North (Mirpur-11 to 10)"": 0.13229717687273082, ""South (Kazipara to 10)"": 0.10797632085980195, ""West (Mirpur-1 to 10)"": 0.1334650875670273}",Metrics include OSRM baseline comparisons for Paper Table 3,"{""n_estimators"": 150, ""max_depth"": 9, ""learning_rate"": 0.022849758429954264, ""subsample"": 0.7674961874604023, ""colsample_bytree"": 0.7341212888430727, ""random_state"": 42, ""early_stopping_rounds"": 20, ""val_split_ratio"": 0.2, ""hpo_note"": ""Bayesian Optimization via Optuna (15 trials) minimizing Temporal Validation MAE""}",150,9,0.022849758429954264,0.7674961874604023,0.7341212888430727,latest/model_ml_weight.json,2026-08-22T19:03:09.256874+00:00
2026-08-23T19:03:02.228613+00:00,xgboost,20260823T190302Z,34540,39,"minute,day_of_week_num,is_weekend,hour_sin,hour_cos,direction_encoded,hour_encoded,hour_of_day,is_peak_hour,is_monsoon,month,actual_eta_min_lag1,actual_eta_min_lag2,actual_eta_min_lag3,rain_lag_1,rain_lag_2,temperature,rain_mm,humidity,wind_speed,visibility_km,pm2_5,pm10,co_level,no2_level,aqi,rain_accumulation_3h,wmo_rain_category,visibility_penalty,emission_congestion_cross_lag1,weather_condition_encoded,mrt_status,mrt_headway,distance_km,is_anomaly_lag1,osrm_divergence_lag1,rain_x_peak_hour,is_holiday,is_extreme_weather",27632,6908,0.8,0.16568146528743719,0.018413531049610913,0.29001199558375096,0.014018048630120992,3.4503116352705696,0.6095577187956691,3.4381045519269735,0.5360387965829888,0.16318880864220248,0.1684703056114593,5,0.14505784470012026,0.2733874150749568,2.7626930418868008,2.772111792480236,0.9121700408421208,0.1399145599758618,0.15030424536351322,0.26117376810167053,0.2871776851490661,0.7632554502110915,0.9080071431002101,15.323530572318422,15.04856004635543,80.99,69.89,0.03570381592378909,0.2710459670422102,"{""East (Mirpur-14 to 10)"": 0.16897285418781802, ""North (Mirpur-11 to 10)"": 0.15973937679701636, ""South (Kazipara to 10)"": 0.12698079568432, ""West (Mirpur-1 to 10)"": 0.14582587300094063}",Metrics include OSRM baseline comparisons for Paper Table 3,"{""n_estimators"": 150, ""max_depth"": 9, ""learning_rate"": 0.055565179562094905, ""subsample"": 0.6638213328584747, ""colsample_bytree"": 0.7370063974951027, ""random_state"": 42, ""early_stopping_rounds"": 20, ""val_split_ratio"": 0.2, ""hpo_note"": ""Bayesian Optimization via Optuna (15 trials) minimizing Temporal Validation MAE""}",150,9,0.055565179562094905,0.6638213328584747,0.7370063974951027,latest/model_ml_weight.json,2026-08-23T19:03:02.228652+00:00
2026-08-24T19:03:13.514719+00:00,xgboost,20260824T190313Z,34540,39,"minute,day_of_week_num,is_weekend,hour_sin,hour_cos,direction_encoded,hour_encoded,hour_of_day,is_peak_hour,is_monsoon,month,actual_eta_min_lag1,actual_eta_min_lag2,actual_eta_min_lag3,rain_lag_1,rain_lag_2,temperature,rain_mm,humidity,wind_speed,visibility_km,pm2_5,pm10,co_level,no2_level,aqi,rain_accumulation_3h,wmo_rain_category,visibility_penalty,emission_congestion_cross_lag1,weather_condition_encoded,mrt_status,mrt_headway,distance_km,is_anomaly_lag1,osrm_divergence_lag1,rain_x_peak_hour,is_holiday,is_extreme_weather",27632,6908,0.8,0.16495453800833665,0.021570906168968305,0.29220062822287396,0.023660029114632948,3.3872281822660164,0.527392967984743,3.4072205425014963,0.5136784467637437,0.16220724148515864,0.16775160567815145,5,0.13220082513431491,0.26527312218758514,2.5548089228840207,2.5532541831181144,0.9208334476752887,0.12728687883821196,0.13793144200216778,0.2531911864622683,0.2792335772168886,0.7719458056410388,0.9159761154674013,15.868068538662838,15.368824400669693,82.87,71.04,0.01816463905742007,0.2646504775039394,"{""East (Mirpur-14 to 10)"": 0.15565547321319578, ""North (Mirpur-11 to 10)"": 0.15262267570444032, ""South (Kazipara to 10)"": 0.10935404434135342, ""West (Mirpur-1 to 10)"": 0.13198337384816763}",Metrics include OSRM baseline comparisons for Paper Table 3,"{""n_estimators"": 150, ""max_depth"": 9, ""learning_rate"": 0.05062941687379459, ""subsample"": 0.9148886768311731, ""colsample_bytree"": 0.7384875004208915, ""random_state"": 42, ""early_stopping_rounds"": 20, ""val_split_ratio"": 0.2, ""hpo_note"": ""Bayesian Optimization via Optuna (15 trials) minimizing Temporal Validation MAE""}",150,9,0.05062941687379459,0.9148886768311731,0.7384875004208915,latest/model_ml_weight.json,2026-08-24T19:03:13.514742+00:00
2026-08-25T19:03:15.419792+00:00,xgboost,20260825T190315Z,34540,39,"minute,day_of_week_num,is_weekend,hour_sin,hour_cos,direction_encoded,hour_encoded,hour_of_day,is_peak_hour,is_monsoon,month,actual_eta_min_lag1,actual_eta_min_lag2,actual_eta_min_lag3,rain_lag_1,rain_lag_2,temperature,rain_mm,humidity,wind_speed,visibility_km,pm2_5,pm10,co_level,no2_level,aqi,rain_accumulation_3h,wmo_rain_category,visibility_penalty,emission_congestion_cross_lag1,weather_condition_encoded,mrt_status,mrt_headway,distance_km,is_anomaly_lag1,osrm_divergence_lag1,rain_x_peak_hour,is_holiday,is_extreme_weather",27632,6908,0.8,0.15822534309914743,0.021736831825011117,0.2820054544004159,0.01184476317180892,3.3033131556995707,0.6397837212240312,3.304234452365312,0.6035916123727733,0.15545453475941548,0.16092195218583627,5,0.12251749136024082,0.2550808421391065,2.3523489583631365,2.3552101011723154,0.9245568267909449,0.11717642753957391,0.12761452072886423,0.24256203994887315,0.26776182115231867,0.7764350992359175,0.9187078961872059,15.637586166310156,15.392772524834223,84.22,72.23,0.020572036052619924,0.25424993089290204,"{""East (Mirpur-14 to 10)"": 0.13886621471178726, ""North (Mirpur-11 to 10)"": 0.13774839139553108, ""South (Kazipara to 10)"": 0.10271640335254459, ""West (Mirpur-1 to 10)"": 0.12536858458313152}",Metrics include OSRM baseline comparisons for Paper Table 3,"{""n_estimators"": 200, ""max_depth"": 8, ""learning_rate"": 0.022019086029334355, ""subsample"": 0.7227573820461569, ""colsample_bytree"": 0.740665049052337, ""random_state"": 42, ""early_stopping_rounds"": 20, ""val_split_ratio"": 0.2, ""hpo_note"": ""Bayesian Optimization via Optuna (15 trials) minimizing Temporal Validation MAE""}",200,8,0.022019086029334355,0.7227573820461569,0.740665049052337,latest/model_ml_weight.json,2026-08-25T19:03:15.419834+00:00
2026-08-26T19:02:58.745029+00:00,xgboost,20260826T190258Z,34540,39,"minute,day_of_week_num,is_weekend,hour_sin,hour_cos,direction_encoded,hour_encoded,hour_of_day,is_peak_hour,is_monsoon,month,actual_eta_min_lag1,actual_eta_min_lag2,actual_eta_min_lag3,rain_lag_1,rain_lag_2,temperature,rain_mm,humidity,wind_speed,visibility_km,pm2_5,pm10,co_level,no2_level,aqi,rain_accumulation_3h,wmo_rain_category,visibility_penalty,emission_congestion_cross_lag1,weather_condition_encoded,mrt_status,mrt_headway,distance_km,is_anomaly_lag1,osrm_divergence_lag1,rain_x_peak_hour,is_holiday,is_extreme_weather",27632,6908,0.8,0.16931608036245382,0.027667449821673604,0.3015593853135704,0.02613718751195078,3.5831096171943364,0.7259920924057189,3.5882446683909217,0.6943733368453202,0.1664595747759642,0.17222753466785243,5,0.115349083373363,0.24736655030192545,2.216078553963235,2.21250415576322,0.9271365942291668,0.11011065945089657,0.12079641705337259,0.2346283984489048,0.2609016280686154,0.7704059882994965,0.9075172342254211,15.479543627044892,15.285629875391916,85.03,72.74,0.013446763097446093,0.24700079912922585,"{""East (Mirpur-14 to 10)"": 0.14225667997384175, ""North (Mirpur-11 to 10)"": 0.12667588110768396, ""South (Kazipara to 10)"": 0.0939008954145926, ""West (Mirpur-1 to 10)"": 0.12259231768156349}",Metrics include OSRM baseline comparisons for Paper Table 3,"{""n_estimators"": 200, ""max_depth"": 8, ""learning_rate"": 0.021668955792141596, ""subsample"": 0.6867652458177066, ""colsample_bytree"": 0.7442968084843167, ""random_state"": 42, ""early_stopping_rounds"": 20, ""val_split_ratio"": 0.2, ""hpo_note"": ""Bayesian Optimization via Optuna (15 trials) minimizing Temporal Validation MAE""}",200,8,0.021668955792141596,0.6867652458177066,0.7442968084843167,latest/model_ml_weight.json,2026-08-26T19:02:58.745052+00:00
2026-08-27T19:03:03.928365+00:00,xgboost,20260827T190303Z,34540,39,"minute,day_of_week_num,is_weekend,hour_sin,hour_cos,direction_encoded,hour_encoded,hour_of_day,is_peak_hour,is_monsoon,month,actual_eta_min_lag1,actual_eta_min_lag2,actual_eta_min_lag3,rain_lag_1,rain_lag_2,temperature,rain_mm,humidity,wind_speed,visibility_km,pm2_5,pm10,co_level,no2_level,aqi,rain_accumulation_3h,wmo_rain_category,visibility_penalty,emission_congestion_cross_lag1,weather_condition_encoded,mrt_status,mrt_headway,distance_km,is_anomaly_lag1,osrm_divergence_lag1,rain_x_peak_hour,is_holiday,is_extreme_weather",27632,6908,0.8,0.14196243772082562,0.028048976712011658,0.26847507791114095,0.04278219546738057,2.9337424044278717,0.6917171777333755,2.9485832372547045,0.716146671077934,0.13925013033264294,0.14478732272626793,5,0.10369984570582202,0.22360125251503604,1.9860460507652196,1.976102718623221,0.9442100308981553,0.09892910581965218,0.10827337816304121,0.21110264404811396,0.23654957429741294,0.7854852115401225,0.9207179644862898,16.108702110141017,15.641602780853257,86.8,75.71,0.010001950533181578,0.22337744091967904,"{""East (Mirpur-14 to 10)"": 0.09972733322143554, ""North (Mirpur-11 to 10)"": 0.11923197443119149, ""South (Kazipara to 10)"": 0.08085158120380365, ""West (Mirpur-1 to 10)"": 0.11194587672694345}",Metrics include OSRM baseline comparisons for Paper Table 3,"{""n_estimators"": 200, ""max_depth"": 8, ""learning_rate"": 0.019978956446352766, ""subsample"": 0.7089194428058403, ""colsample_bytree"": 0.7442968084843167, ""random_state"": 42, ""early_stopping_rounds"": 20, ""val_split_ratio"": 0.2, ""hpo_note"": ""Bayesian Optimization via Optuna (15 trials) minimizing Temporal Validation MAE""}",200,8,0.019978956446352766,0.7089194428058403,0.7442968084843167,latest/model_ml_weight.json,2026-08-27T19:03:03.928388+00:00
2026-08-28T19:03:21.758110+00:00,xgboost,20260828T190321Z,34540,39,"minute,day_of_week_num,is_weekend,hour_sin,hour_cos,direction_encoded,hour_encoded,hour_of_day,is_peak_hour,is_monsoon,month,actual_eta_min_lag1,actual_eta_min_lag2,actual_eta_min_lag3,rain_lag_1,rain_lag_2,temperature,rain_mm,humidity,wind_speed,visibility_km,pm2_5,pm10,co_level,no2_level,aqi,rain_accumulation_3h,wmo_rain_category,visibility_penalty,emission_congestion_cross_lag1,weather_condition_encoded,mrt_status,mrt_headway,distance_km,is_anomaly_lag1,osrm_divergence_lag1,rain_x_peak_hour,is_holiday,is_extreme_weather",27632,6908,0.8,0.15532930074622847,0.035221351481053216,0.29203484383161504,0.038429274206815335,3.358398547176045,1.1437803298256086,3.3498199563008058,1.0558645455609084,0.15223654631315792,0.15800321744115425,5,0.11481061580212877,0.23698748852252,2.186437718288702,2.173601497049719,0.932520189971964,0.11020364237618571,0.11947634221807546,0.22535580744535066,0.248850751034407,0.7659764030816756,0.9042428238720351,15.342254347327833,15.134550944067351,85.01,73.79,0.0011621581120648426,0.23698463896365543,"{""East (Mirpur-14 to 10)"": 0.13454247556948187, ""North (Mirpur-11 to 10)"": 0.12960523444035058, ""South (Kazipara to 10)"": 0.09212212338116496, ""West (Mirpur-1 to 10)"": 0.12044261870027341}",Metrics include OSRM baseline comparisons for Paper Table 3,"{""n_estimators"": 200, ""max_depth"": 9, ""learning_rate"": 0.0471915398966087, ""subsample"": 0.6934359393087165, ""colsample_bytree"": 0.9744824691748126, ""random_state"": 42, ""early_stopping_rounds"": 20, ""val_split_ratio"": 0.2, ""hpo_note"": ""Bayesian Optimization via Optuna (15 trials) minimizing Temporal Validation MAE""}",200,9,0.0471915398966087,0.6934359393087165,0.9744824691748126,latest/model_ml_weight.json,2026-08-28T19:03:21.758132+00:00
